# Aspose.3D Wavefront OBJ Exporter
# Copyright 2004-2025 Aspose Pty Ltd.
# File created: 05/18/2025 19:42:42

mtllib material.lib
g OBGlove

#
# object OBGlove
#

v -0.022014922 -0.01426896 -0.0049601593
v -0.022056537 0.020040395 -0.004022431
v 0.0005063862 0.020529207 -0.0087187225
v -0.009824212 0.027002463 -0.007927084
v 0.002463623 0.026458526 0.008474392
v 0.007721391 0.0032618032 -0.012190031
v 0.013302897 -0.018687023 0.016919838
v -0.009975508 -0.022909421 -0.009771447
v -0.025267802 -0.01846028 0.014486103
v -0.026405556 0.002277276 -0.0036113085
v -0.02505192 0.02480608 0.015698927
v -0.005553431 -0.030040726 0.014526786
v -0.030100297 0.0030038368 0.016383432
v -0.00948421 0.033261824 0.010872652
v 0.009228014 0.0016106464 0.0060793543
v 0.024262626 -0.013116231 0.019645903
v -0.0020914397 -0.028631989 0.026930008
v 0.025249284 -0.017058926 0.031546507
v -0.01341883 -0.019633692 0.04083106
v 0.014335946 -0.013744339 0.043681044
v -0.017792463 0.0024110456 0.045137696
v 0.015028851 0.0024180391 0.04628036
v -0.013457101 0.02478567 0.04226251
v 0.014262025 0.018933238 0.044519927
v -0.0017017686 0.03368597 0.029294964
v 0.024824176 0.02359754 0.032337915
v 0.006496737 0.024706958 0.016082024
v 0.024367673 0.020301765 0.020530894
v 0.012648165 0.0070566325 0.01363974
v 0.02550123 0.0039533023 0.018016787
v 0.029318495 0.0028604243 0.032551065
v 0.014741084 -0.026382606 -0.00041664875
v 0.00965074 -0.01911392 -0.012614034
v -7.400188E-05 -0.026557595 -0.012344853
v 0.004921383 -0.034106113 0.002885006
v 0.009498111 -0.009658896 -0.012804814
v 0.013608113 -0.016476013 0.0037224877
v 0.01202682 -0.02876925 0.019654134
v 0.006014142 -0.030920565 0.019694151
v 0.015809515 -0.031037344 0.012269088
v 0.010846723 -0.03446126 0.016873885
v 0.015284219 -0.026351659 0.014176305
v 0.004333406 -0.027931955 0.02021518
v 0.0075364765 -0.010788675 -0.024363289
v -0.0053136135 -0.018565103 -0.022845652
v 0.0022145365 0.015784726 -0.021969054
v 0.009632334 0.0022180006 -0.024689969
v -0.00693936 0.021125723 -0.021725334
v -0.01757877 0.0153573 -0.019700281
v -0.021835506 0.0009926392 -0.01930839
v -0.017313747 -0.012889258 -0.020619674
v 0.0044528246 0.018509181 -0.024678884
v 0.012491105 0.0037247834 -0.026613513
v -0.0060172393 0.023099821 -0.023423849
v -0.017754434 0.017414209 -0.022832798
v -0.02275371 0.0025705143 -0.022610469
v -0.0043404764 -0.018025843 -0.025162876
v -0.017546313 -0.01247384 -0.023622194
v 0.009981032 -0.009938153 -0.026526371
v 0.0068651675 0.01906874 -0.042950355
v 0.01532839 0.0035710307 -0.04393797
v -0.0052140155 0.025741009 -0.042160437
v -0.017473936 0.018976705 -0.041679207
v -0.022624455 0.0022309965 -0.04180892
v -0.003202634 -0.020011704 -0.04356001
v -0.017500123 -0.014918681 -0.04295206
v 0.012342144 -0.011175146 -0.044007316
v 0.0060647298 0.018286671 -0.047512252
v 0.014552491 0.0031838831 -0.04807216
v -0.005556383 0.024842074 -0.046527542
v -0.01692002 0.018493814 -0.04630258
v -0.022106327 0.0020965787 -0.046888314
v -0.0040450525 -0.019816084 -0.04769474
v -0.016857358 -0.014410215 -0.04714656
v 0.011813152 -0.010709289 -0.048291348
v -0.02267169 -0.019774701 0.028893994
v -0.027483046 0.002740971 0.03310759
v -0.022394339 0.025437804 0.03095949
v -0.007634306 0.034312688 0.021915117
v 0.011104844 0.031106934 0.032161865
v 0.00087728706 0.022323104 0.046940465
v -0.0021480564 0.0022698708 0.05037893
v 0.0009509276 -0.017305113 0.04603083
v 0.0109982835 -0.024738275 0.03235753
v 0.014161274 0.023835612 0.018151904
v 0.005227775 0.016663194 -0.04891174
v 0.012977168 0.0031999452 -0.04949013
v -0.0053270566 0.022841798 -0.04816742
v -0.015549969 0.016873967 -0.047872864
v -0.020307727 0.0021241263 -0.048359945
v -0.01592364 -0.013002754 -0.048522938
v -0.003899422 -0.017510364 -0.04938248
v 0.010425171 -0.009534258 -0.04972394
v 0.0037554395 0.012241146 -0.047509205
v 0.0066534453 0.0029025807 -0.047547635
v -0.0032000951 0.013854903 -0.046588052
v -0.002099862 0.0024363569 -0.045569733
v -0.010844274 0.012149165 -0.046629667
v -0.012083116 0.0023588303 -0.045541152
v -0.0022782264 -0.008506019 -0.04663794
v -0.010958707 -0.0076065185 -0.046093598
v 0.006303867 -0.005763682 -0.047740415
v 0.0063932994 0.020009488 -0.031913407
v 0.014700039 0.004137104 -0.033482183
v -0.0056670066 0.026042843 -0.03054796
v -0.018348563 0.019204948 -0.030155702
v -0.0035521174 -0.019971834 -0.03258544
v -0.018019391 -0.013767522 -0.03161869
v 0.012408632 -0.010974455 -0.033162985
v -0.023749974 0.00273216 -0.030383864
v 0.0050723404 0.019464899 -0.025286326
v 0.013218978 0.004172422 -0.02703199
v -0.0059419526 0.024181772 -0.023933819
v -0.018082296 0.01828455 -0.023395546
v -0.023239674 0.0030189366 -0.023189789
v -0.017896011 -0.012529315 -0.024238335
v -0.0040548323 -0.018425208 -0.025746644
v 0.010989345 -0.009990167 -0.027008193
v 0.01377205 0.004070378 -0.028935503
v -0.01797318 -0.013026054 -0.026540972
v 0.0115961395 -0.010243496 -0.029163027
v 0.0054807393 0.019429572 -0.027563075
v -0.0057783406 0.02487121 -0.026370892
v -0.018136974 0.018646747 -0.025711795
v -0.003842423 -0.019022008 -0.028131796
v -0.02334122 0.0029072044 -0.02546596
v -0.02314311 -0.015266061 -4.2066524E-05
v -0.024063366 -0.01643387 0.0049526743
v -0.024771012 -0.017565897 0.009852962
v -0.023216529 0.021540644 0.0009619062
v -0.024133122 0.022881448 0.0060274927
v -0.024759348 0.023992697 0.010998476
v 0.0008459129 0.022091243 -0.004421911
v 0.0015977836 0.023359932 -0.00028788866
v 0.0022535215 0.024860356 0.0038209956
v -0.013022904 -0.021173341 -0.0086377775
v -0.016240807 -0.019275656 -0.0073185414
v -0.019336645 -0.017036196 -0.006023378
v -0.024028992 -0.010841451 -0.0042790202
v -0.025392268 -0.006847735 -0.0039119613
v -0.026159504 -0.0024273503 -0.0037303716
v -0.026164996 0.007109452 -0.0034703347
v -0.025396904 0.011842719 -0.0033994545
v -0.024048235 0.016234512 -0.0035378893
v -0.01941449 0.02305421 -0.0049229325
v -0.016324792 0.025226798 -0.006045653
v -0.013038821 0.026546542 -0.0071291197
v -0.0069167553 0.026600597 -0.008296139
v -0.0042741615 0.02535672 -0.008401935
v -0.0018195503 0.023325277 -0.008471299
v 0.0027747904 0.016854513 -0.009377108
v 0.00486531 0.012454028 -0.010320941
v 0.0065559223 0.0076637506 -0.011321057
v 0.010384084 -0.02348863 0.018878272
v 0.008365619 -0.025440585 0.01957423
v 0.006311534 -0.026863575 0.020037783
v -0.008602169 -0.02857993 0.005616137
v -0.00947041 -0.026621073 -9.690082E-05
v -0.009915977 -0.024647363 -0.0052111256
v -0.022089148 -0.022025794 0.01340523
v -0.018144293 -0.024898442 0.012464822
v -0.013545199 -0.027365634 0.012126467
v -0.029881367 -0.0030153445 0.016180707
v -0.02902642 -0.008755046 0.015847404
v -0.027551016 -0.0139834145 0.015307736
v -0.02772245 0.0026052198 0.0013462876
v -0.028814849 0.0028265791 0.0064299437
v -0.029631704 0.0029546507 0.011490318
v -0.027462797 0.02022118 0.016256059
v -0.029001018 0.014883066 0.016497973
v -0.02981693 0.009056967 0.016512
v -0.013527553 0.032626577 0.012236514
v -0.017732317 0.031016316 0.013579026
v -0.021703664 0.028413305 0.0147760715
v -0.009994194 0.028863076 -0.0031481711
v -0.009913866 0.030591343 0.0017705911
v -0.0096987365 0.03208917 0.006545277
v -0.0003359963 0.029743033 0.008309466
v -0.002977103 0.03165697 0.008706389
v -0.0059684953 0.032867916 0.009611249
v 0.0077174855 0.008922395 0.00564001
v 0.006413381 0.015210017 0.0057554287
v 0.0048848465 0.020856023 0.0065988475
v 0.0072202273 0.0058902763 -0.00811553
v 0.0072943186 0.0063350573 -0.0036738343
v 0.008602561 0.001943615 0.0012009775
v 0.0108193755 -0.0031568718 0.009625455
v 0.0118793715 -0.0074083274 0.0116378805
v 0.0127931405 -0.012146719 0.013389804
v 0.01765184 -0.01720086 0.01846757
v 0.020614691 -0.015481765 0.018989587
v 0.022838175 -0.014035051 0.019255225
v -0.0046004816 -0.029189816 0.024712812
v -0.0055686207 -0.02934101 0.022051366
v -0.0057928897 -0.029478755 0.019162785
v 0.010566973 -0.023521373 0.020838799
v 0.007396407 -0.025935361 0.0233555
v 0.0035498983 -0.02759822 0.025618892
v 0.000604889 -0.02779207 0.029338254
v 0.0033865103 -0.026984721 0.031019205
v 0.0067463666 -0.026018005 0.032023717
v 0.025244331 -0.014539043 0.021443296
v 0.026201408 -0.015814582 0.024410103
v 0.026288815 -0.01666959 0.02784361
v -0.025496481 -0.018980335 0.018705582
v -0.025211502 -0.019283805 0.022455841
v -0.024207871 -0.019548556 0.025765106
v -0.0045556864 -0.027660603 0.030866645
v -0.007692543 -0.0258653 0.03460858
v -0.0107790455 -0.023230158 0.037993632
v 0.011904752 -0.014685749 0.04452143
v 0.008525581 -0.015700717 0.045393202
v 0.004808829 -0.016556956 0.045943797
v 0.023012366 -0.016468527 0.03547891
v 0.019169224 -0.01639634 0.039131872
v 0.016665576 -0.014934302 0.04176631
v -0.03010465 0.002988935 0.020997461
v -0.029647967 0.0029300186 0.025311546
v -0.028786477 0.0028406782 0.029343076
v -0.015412115 -0.015038857 0.0428424
v -0.016770296 -0.0096605 0.04411901
v -0.017545937 -0.0037573234 0.044827685
v -0.014273374 0.0023550943 0.047185786
v -0.010418984 0.002312349 0.048768487
v -0.006340681 0.00228352 0.04984589
v 0.014475862 -0.011225057 0.044486307
v 0.014702244 -0.0073243272 0.04534462
v 0.0149277905 -0.002649341 0.045967415
v -0.024968093 0.025277974 0.01999591
v -0.024497818 0.025476249 0.023921639
v -0.023639454 0.02549605 0.02755085
v -0.017548589 0.008589424 0.045169376
v -0.016776906 0.0145362485 0.04480808
v -0.015429667 0.020013934 0.043893866
v 0.011830169 0.019809036 0.045384575
v 0.008449475 0.020760763 0.046269625
v 0.0047316193 0.021581283 0.046826854
v 0.0149167245 0.0075106444 0.04625066
v 0.0146765355 0.012261992 0.04588235
v 0.014428425 0.016287824 0.045219943
v -0.009339097 0.034046475 0.014511675
v -0.009075198 0.034435574 0.01746331
v -0.00848503 0.034451425 0.01983393
v -0.010856647 0.028630434 0.039808318
v -0.007849094 0.031447176 0.036687143
v -0.004706347 0.03315434 0.03311144
v 0.00091581425 0.033263657 0.03046915
v 0.0039931736 0.03268154 0.031302005
v 0.0074249357 0.031957947 0.031848527
v 0.016574554 0.02034031 0.04265108
v 0.019651663 0.021900102 0.039718714
v 0.022607394 0.023064714 0.036184065
v 0.0039931573 0.025373016 0.0117366
v 0.0049704444 0.024953421 0.013719772
v 0.00575569 0.024754694 0.015086186
v 0.00086242537 0.033002697 0.025412602
v 0.0029871622 0.031259958 0.02166357
v 0.0048979404 0.028366836 0.01830798
v 0.022514975 0.021128533 0.01955243
v 0.019883957 0.022181615 0.0187201
v 0.016983224 0.023106823 0.018338606
v 0.02585786 0.023366464 0.02847935
v 0.025901372 0.022494968 0.025036994
v 0.02526276 0.02134678 0.022319142
v 0.009849444 0.003775269 0.009915645
v 0.010411216 0.004741789 0.011702139
v 0.011086954 0.005504389 0.012783555
v 0.0104403375 0.011777836 0.013507458
v 0.009006082 0.016204271 0.013827691
v 0.0078058974 0.020529663 0.01461762
v 0.016259747 0.006087928 0.0146156205
v 0.01969242 0.004561391 0.015387239
v 0.022789046 0.003982969 0.016371505
v 0.026083412 0.008837002 0.018968225
v 0.025818815 0.013934243 0.019516706
v 0.024993844 0.017992813 0.020013
v 0.0136225615 0.0003224908 0.013846849
v 0.014105143 -0.005507166 0.014151979
v 0.014265043 -0.011227978 0.0148171475
v 0.024701558 -0.010572517 0.018919753
v 0.025239509 -0.006406584 0.018355528
v 0.02547651 -0.0014668604 0.01804795
v 0.02788489 0.0023639798 0.020725843
v 0.02947795 -0.000120483906 0.0241218
v 0.030104196 0.0011188608 0.028269768
v 0.029076213 0.008753449 0.03261334
v 0.028308468 0.014410874 0.03254982
v 0.026912346 0.019455468 0.032429725
v 0.027084645 -0.013193772 0.031704634
v 0.028365154 -0.008365806 0.031998448
v 0.029091926 -0.0029079006 0.03231506
v 0.019471144 0.0025249766 0.043554712
v 0.023613254 0.0026528698 0.040255915
v 0.02703373 0.0027883616 0.03653601
v 0.013026279 -0.017759554 0.013947546
v 0.013248156 -0.017106859 0.011629049
v 0.013497963 -0.016442347 0.008114056
v 0.013547208 -0.024476105 -0.0037593183
v 0.012246343 -0.022617444 -0.0067246784
v 0.0109088095 -0.020923348 -0.009656107
v -0.0025791784 -0.026686301 -0.01183514
v -0.0049241437 -0.025957447 -0.011222834
v -0.007319537 -0.024592763 -0.0105869835
v 0.007910306 -0.021446519 -0.012745278
v 0.005475287 -0.023665894 -0.012769411
v 0.0026963516 -0.025469271 -0.012647775
v -0.0029870742 -0.03189045 0.008952234
v -0.0003376291 -0.033267837 0.0063806456
v 0.0022169917 -0.034111287 0.0044271573
v 0.0009536774 -0.028736176 -0.008832307
v 0.0021197367 -0.030845849 -0.005088004
v 0.0034330743 -0.032698885 -0.0011710871
v 0.007836764 -0.03305515 0.0015976966
v 0.010692335 -0.031176342 0.0005891385
v 0.013115535 -0.028829126 -9.0157075E-05
v 0.008421919 -0.0005580727 -0.012754807
v 0.008839222 -0.0039078877 -0.012999723
v 0.009136232 -0.0068863025 -0.012995015
v 0.012333593 -0.012482995 0.002984822
v 0.011195262 -0.008432424 0.003179442
v 0.010181924 -0.0041531376 0.00413686
v 0.012246393 -0.013570964 -0.001746094
v 0.0107987095 -0.010581152 -0.005779354
v 0.010156708 -0.010286378 -0.009236221
v 0.010029676 -0.012264229 -0.012527988
v 0.010453361 -0.014654297 -0.012354936
v 0.01043326 -0.01688227 -0.012426891
v 0.015361961 -0.023985928 -0.00025082784
v 0.015198763 -0.021634622 0.0004640082
v 0.014575181 -0.01928811 0.0017614474
v 0.012152107 -0.022103222 0.01697552
v 0.012100351 -0.024035953 0.017737666
v 0.012130682 -0.026221154 0.018859884
v -0.0006752708 -0.03110451 0.016123665
v 0.002329329 -0.031314872 0.017866286
v 0.004403091 -0.03123849 0.01906372
v 0.0075210943 -0.030452989 0.020012353
v 0.00904186 -0.029911194 0.020139176
v 0.010569485 -0.029355522 0.020047175
v 0.015625354 -0.027828729 0.003270672
v 0.0161009 -0.029177692 0.006854752
v 0.016100764 -0.030311767 0.010066466
v 0.014830935 -0.026775397 0.015557356
v 0.014167185 -0.027423108 0.01726895
v 0.0132458825 -0.028132012 0.018725842
v 0.0066017844 -0.0348884 0.007050528
v 0.008362241 -0.035120495 0.0111121
v 0.00983921 -0.034959756 0.014494065
v 0.012315816 -0.03428718 0.016023714
v 0.013749003 -0.033556044 0.014830386
v 0.015019721 -0.032231297 0.0133783
v 0.009357319 -0.03418029 0.017615316
v 0.007929397 -0.033421714 0.018393787
v 0.006732939 -0.032263275 0.01914428
v 0.015934959 -0.030215701 0.0130011635
v 0.015838418 -0.028943814 0.013690831
v 0.015570202 -0.02750308 0.014084817
v 0.015302729 -0.02493125 0.012755991
v 0.015164259 -0.02271286 0.010402532
v 0.01467189 -0.019951403 0.007408921
v -0.0012937376 -0.029878013 0.01811813
v 0.0007740469 -0.029382562 0.019421998
v 0.0025162958 -0.02875351 0.0200376
v 0.005659745 -0.029628402 0.019887054
v 0.00532158 -0.02869309 0.019903053
v 0.0048986245 -0.028152209 0.019955808
v 0.0034982269 -0.028007071 0.020912152
v 0.0023396045 -0.028319826 0.02218886
v 0.00055392843 -0.028704321 0.024218386
v 0.0118993465 -0.030898988 0.019739248
v 0.011729878 -0.032467593 0.01935382
v 0.011426109 -0.033629995 0.018456062
v 0.009064159 -0.0091395145 -0.016140547
v 0.00882033 -0.009119071 -0.0191102
v 0.008466016 -0.009713849 -0.021900177
v 0.0075686863 -0.013312929 -0.021538636
v 0.007913239 -0.015428806 -0.01853275
v 0.00862725 -0.017310826 -0.01561462
v -0.0033696082 -0.020480396 -0.02086886
v -0.00200418 -0.02251735 -0.018329335
v -0.0010008374 -0.02446574 -0.015547306
v 0.005229151 -0.013437663 -0.024760589
v 0.0024711164 -0.015835024 -0.024368685
v -0.0013714902 -0.017800424 -0.02366909
v 0.0009523582 0.018337298 -0.012687995
v 0.0010902806 0.017153105 -0.01624339
v 0.0015775604 0.016202481 -0.01942713
v 0.008616964 0.002404175 -0.022266284
v 0.007976074 0.0029743207 -0.019442618
v 0.0076707806 0.0035158647 -0.016108425
v 0.0045667454 0.012657589 -0.02250404
v 0.0066998983 0.009458124 -0.023373377
v 0.008408884 0.005945799 -0.024145002
v -0.009292385 0.02510663 -0.012281877
v -0.008502277 0.023391955 -0.016003791
v -0.0076588155 0.022041162 -0.01932572
v -0.0044871457 0.02081711 -0.022003641
v -0.0023118868 0.019998245 -0.022126054
v -7.3439296E-05 0.018402701 -0.022021921
v -0.020724818 0.018473167 -0.0087460065
v -0.019389624 0.017029893 -0.013012297
v -0.018245777 0.015924465 -0.016626516
v -0.0152125545 0.017918939 -0.020190794
v -0.012495707 0.019752506 -0.020741297
v -0.009629667 0.02085499 -0.02131357
v -0.024966152 0.00184756 -0.0082938885
v -0.02358358 0.0014143393 -0.012519952
v -0.022465315 0.0010943282 -0.016118119
v -0.021608673 0.004886305 -0.019165492
v -0.020766076 0.008804549 -0.01920525
v -0.019420411 0.012250663 -0.019393401
v -0.00964457 -0.021594414 -0.013731683
v -0.008841275 -0.02067488 -0.01709359
v -0.007411129 -0.019830182 -0.020288356
v -0.020705977 -0.013594658 -0.009624767
v -0.019382045 -0.013204403 -0.013845466
v -0.01823155 -0.013012508 -0.017445765
v -0.019311178 -0.009986535 -0.020020908
v -0.020723509 -0.0065603117 -0.019655732
v -0.021555677 -0.0028419 -0.019453054
v -0.0089094 -0.01774803 -0.022821805
v -0.011954101 -0.016649725 -0.02219713
v -0.014781934 -0.015054773 -0.021339485
v 0.010212704 -0.0010295729 -0.025066834
v 0.010010234 -0.0041007455 -0.02491978
v 0.00904437 -0.00733766 -0.024611428
v 0.0029303462 0.016044034 -0.02354387
v 0.003524082 0.016753063 -0.024339404
v 0.00403011 0.017662713 -0.024621135
v 0.011909241 0.0032746275 -0.026730072
v 0.011227814 0.002769193 -0.026674934
v 0.01047959 0.002372112 -0.026118232
v 0.007077838 0.015115095 -0.025250519
v 0.009218335 0.011256345 -0.025872974
v 0.011042875 0.007528434 -0.026311923
v -0.0064376425 0.021018106 -0.022962125
v -0.006167999 0.021483513 -0.023466665
v -0.0060514673 0.0222687 -0.02351373
v -0.0032455057 0.02287776 -0.023688085
v -0.0008279965 0.022145858 -0.023971938
v 0.0017035564 0.020791275 -0.02426671
v -0.01723996 0.015421649 -0.02158049
v -0.017231267 0.015954673 -0.022466743
v -0.017450247 0.016692078 -0.022793246
v -0.015164498 0.019847002 -0.022988822
v -0.0121443 0.02163514 -0.02315285
v -0.009044846 0.022713758 -0.023261929
v -0.021601511 0.0012141191 -0.021252913
v -0.021802237 0.0016413544 -0.022144016
v -0.02225657 0.0021360668 -0.022505788
v -0.02249006 0.006662846 -0.022552993
v -0.021471879 0.010637407 -0.022489086
v -0.019868437 0.014293262 -0.022598652
v -0.0050464985 -0.017667072 -0.02416619
v -0.0047575557 -0.01759039 -0.024806792
v -0.004514886 -0.017776 -0.025075994
v -0.016872093 -0.012667377 -0.022318635
v -0.016922994 -0.012546795 -0.023126345
v -0.017217217 -0.012498171 -0.023483148
v -0.019830588 -0.009187806 -0.02337485
v -0.021406546 -0.0054947124 -0.02307158
v -0.022367869 -0.0015434477 -0.022756696
v -0.008083658 -0.01771779 -0.024796067
v -0.011305988 -0.01677198 -0.024465134
v -0.014628703 -0.015048972 -0.023912545
v 0.009192503 -0.009924902 -0.026529357
v 0.008335877 -0.009986512 -0.02634308
v 0.007642038 -0.010210246 -0.025812889
v 0.013252953 4.5310222E-05 -0.02684948
v 0.013237361 -0.0031723483 -0.02683291
v 0.012375459 -0.006533551 -0.02665811
v 0.006822063 -0.01241649 -0.026525872
v 0.003654613 -0.014760894 -0.026435211
v -0.00029516197 -0.017073477 -0.026013916
v 0.009589756 0.015681533 -0.043256458
v 0.011985415 0.011817638 -0.043511175
v 0.013933742 0.0077063176 -0.043739423
v -0.0019947966 0.025467103 -0.042423405
v 0.0010911638 0.024195435 -0.04263688
v 0.0040217964 0.021948544 -0.0427558
v -0.014748374 0.021854198 -0.04173106
v -0.011699723 0.023981897 -0.0418502
v -0.008473979 0.025274156 -0.041993167
v -0.019736696 0.015433712 -0.041692697
v -0.021311142 0.011305343 -0.041654713
v -0.022288386 0.0068586627 -0.04169282
v -0.022260299 -0.002427977 -0.041959893
v -0.021308083 -0.006987324 -0.04225414
v -0.019797299 -0.011317212 -0.042694785
v -0.007350767 -0.020255433 -0.043414015
v -0.011142562 -0.019373128 -0.043208137
v -0.014531268 -0.017543806 -0.043048386
v 0.015947402 -0.0004094507 -0.04401013
v 0.015627826 -0.00418284 -0.043978695
v 0.01439264 -0.0077692023 -0.043948263
v 0.009287973 -0.014279415 -0.04399618
v 0.0054040775 -0.016884418 -0.04387324
v 0.001114364 -0.01882232 -0.04369999
v 0.006718993 0.018793693 -0.044874564
v 0.0065157637 0.018604886 -0.04621633
v 0.006283396 0.018440071 -0.047020208
v 0.014770948 0.003205216 -0.0476686
v 0.014999419 0.0032709606 -0.046998184
v 0.015187771 0.0033942831 -0.04579157
v 0.0087575335 0.014881525 -0.04771124
v 0.011156261 0.011075606 -0.04787854
v 0.013119278 0.0071128667 -0.04799412
v -0.005209651 0.02557885 -0.044216413
v -0.0052832067 0.02533991 -0.04553587
v -0.005414285 0.025082411 -0.046179477
v -0.002622698 0.024483299 -0.04675976
v 0.00033049946 0.023352554 -0.047048442
v 0.0032301473 0.021168668 -0.047301386
v -0.017333822 0.0190184 -0.04385606
v -0.01713492 0.018910397 -0.045233496
v -0.01698935 0.018694717 -0.045905385
v -0.014393425 0.021271463 -0.046249524
v -0.011580729 0.02330942 -0.046273183
v -0.008593245 0.02453872 -0.04636614
v -0.022435201 0.0021747337 -0.04397252
v -0.022379993 0.0021374838 -0.045552194
v -0.02225449 0.0021095125 -0.046416372
v -0.0218251 0.006681243 -0.04676251
v -0.020753078 0.011057119 -0.046585407
v -0.01906029 0.015040227 -0.04642178
v -0.003373956 -0.020321084 -0.045684677
v -0.00360781 -0.020301811 -0.04688471
v -0.0038381033 -0.020056475 -0.047383692
v -0.017368672 -0.015119191 -0.045232307
v -0.017056538 -0.0148934685 -0.04643282
v -0.016916595 -0.014632828 -0.046879217
v -0.01895683 -0.011063207 -0.047094867
v -0.02060485 -0.0069565414 -0.04703779
v -0.021632498 -0.0025093213 -0.04696554
v -0.008057796 -0.019941518 -0.04749939
v -0.0114256 -0.019013617 -0.047375757
v -0.014437457 -0.017161839 -0.047247816
v 0.012105282 -0.010865788 -0.047914598
v 0.012371659 -0.011040337 -0.047272906
v 0.012424513 -0.011144716 -0.045982227
v 0.015198426 -0.00055688404 -0.048117906
v 0.01511061 -0.0041009947 -0.048204087
v 0.013966715 -0.0075075356 -0.04829664
v 0.008677792 -0.013702932 -0.048175663
v 0.004629199 -0.016372105 -0.047984242
v 0.0003414863 -0.018360503 -0.04785433
v 0.0055064056 0.017422698 -0.048671223
v 0.005707903 0.017878463 -0.048304066
v 0.005877661 0.018123366 -0.047908623
v -0.005590353 0.023871016 -0.04771293
v -0.0056870743 0.024396457 -0.047281295
v -0.005661373 0.024651296 -0.04687344
v -0.016312027 0.017650193 -0.047548898
v -0.016714763 0.018095806 -0.047141735
v -0.016867038 0.018325625 -0.046703417
v -0.021974022 0.0020926255 -0.04732496
v -0.021752372 0.0020930907 -0.047785476
v -0.021263758 0.0021011403 -0.048173968
v -0.016525002 -0.013707383 -0.048273355
v -0.016781336 -0.014071677 -0.047934055
v -0.016847309 -0.01425742 -0.047518924
v -0.0042012376 -0.019628983 -0.04809298
v -0.004262149 -0.019335099 -0.048586287
v -0.0041758576 -0.01869662 -0.04907196
v 0.011065265 -0.010136622 -0.04950165
v 0.011393654 -0.010444809 -0.04911775
v 0.011595116 -0.010591633 -0.04868423
v 0.014358221 0.003185669 -0.048431512
v 0.014124752 0.0031974907 -0.048826113
v 0.013708384 0.003206947 -0.049216762
v -0.020832652 -0.019921396 0.032080717
v -0.018707128 -0.019964008 0.03524316
v -0.016250037 -0.019876098 0.038214814
v -0.025729107 0.0026449554 0.036603443
v -0.023530874 0.002557312 0.039803706
v -0.020885408 0.0024790992 0.042662606
v -0.020754047 0.025368417 0.03419345
v -0.01872047 0.025268922 0.037205797
v -0.016288983 0.025090262 0.03992026
v -0.0066351225 0.03420372 0.023957685
v -0.005403065 0.034109138 0.025934886
v -0.0037946359 0.033954058 0.02775123
v -0.012323257 -0.02829711 0.018530974
v -0.016227242 -0.026226617 0.022740187
v -0.019714033 -0.023452153 0.026206948
v -0.024880145 -0.015086165 0.03080621
v -0.02641476 -0.009602045 0.03207163
v -0.027247496 -0.0035691692 0.03279043
v -0.027213205 0.009053112 0.033137992
v -0.026341356 0.01511307 0.032838322
v -0.024766076 0.020660622 0.032135177
v -0.019187337 0.029213222 0.029262478
v -0.015436141 0.031953726 0.027121589
v -0.011488 0.033659447 0.024632815
v -0.0041937083 0.033888023 0.019053653
v -0.0015648409 0.032369513 0.016049484
v 0.00041463377 0.030042507 0.012817775
v 0.021996204 0.026613126 0.032317728
v 0.018611414 0.028681712 0.03232608
v 0.014902242 0.030082678 0.032296814
v -0.010236071 0.024318852 0.04416214
v -0.0067087635 0.023723755 0.04559057
v -0.0029718622 0.023042623 0.046522595
v 0.010629056 0.0023419121 0.048307765
v 0.0063190386 0.0022944908 0.049642287
v 0.0020702411 0.0022715635 0.05032295
v -0.010194245 -0.019219328 0.042947892
v -0.00665642 -0.018666135 0.04453009
v -0.002907346 -0.018014714 0.04556296
v 0.022992108 -0.019674197 0.031587668
v 0.020355552 -0.021315744 0.031741638
v 0.01616031 -0.023044754 0.03206375
v 0.008774595 0.03034478 0.036428377
v 0.0060041905 0.028575165 0.04049039
v 0.0032280947 0.025882227 0.044087872
v -0.0007173971 0.017993262 0.048847344
v -0.0016337638 0.0130759515 0.049930695
v -0.0020506338 0.0077681346 0.05037353
v -0.0020455238 -0.0032156673 0.050070703
v -0.0016184213 -0.008462429 0.04935643
v -0.0006815037 -0.013236855 0.048062705
v 0.0033668447 -0.020471433 0.043174125
v 0.0062634414 -0.022712491 0.03970666
v 0.008148104 -0.024343876 0.03587124
v 0.014277089 -0.024034332 0.0285244
v 0.015122372 -0.023309898 0.025153896
v 0.01485023 -0.022074739 0.021669298
v 0.007488305 0.024833689 0.016759727
v 0.009165561 0.024851289 0.017342988
v 0.011560405 0.024482468 0.017878471
v 0.0139676435 0.027077388 0.020709705
v 0.013545884 0.029463222 0.024031734
v 0.01266191 0.03078969 0.027950818
v 0.014150776 0.02000725 0.016320432
v 0.013761001 0.015772132 0.015094135
v 0.013160064 0.011632606 0.014328318
v 0.0076431646 0.013616402 -0.04910303
v 0.009843533 0.010240424 -0.04926928
v 0.011676384 0.006723359 -0.04939172
v -0.0025870777 0.022450618 -0.0483443
v 8.717648E-05 0.021231605 -0.048536286
v 0.0026905315 0.019236758 -0.0487222
v -0.013330914 0.019433782 -0.04786422
v -0.01077178 0.021183036 -0.047928154
v -0.008085018 0.02235258 -0.048033826
v -0.019923596 0.006244446 -0.048204977
v -0.018913362 0.010150889 -0.048069227
v -0.017425504 0.013740972 -0.047955155
v -0.017775923 -0.009850072 -0.048537903
v -0.019173069 -0.0060732267 -0.048526622
v -0.020026324 -0.0020379105 -0.048463885
v -0.0076722736 -0.018055782 -0.04921795
v -0.010816711 -0.017240575 -0.048963666
v -0.013622201 -0.015501759 -0.04875162
v 0.013544946 -0.0002334175 -0.049579397
v 0.013505949 -0.00352663 -0.049748354
v 0.01227594 -0.006594309 -0.049766604
v 0.0077350596 -0.012328968 -0.049705025
v 0.003989419 -0.014581448 -0.049548417
v 7.4886826E-05 -0.016247174 -0.04942446
v 0.0048768274 0.015639348 -0.048910115
v 0.0044759437 0.014444273 -0.04858693
v 0.0040686657 0.013207449 -0.048004318
v 0.008631818 0.0030128646 -0.048317216
v 0.010406126 0.0030994848 -0.049044177
v 0.01186366 0.0031647165 -0.04946586
v 0.0061709937 0.0055663316 -0.047471117
v 0.0053992285 0.008204017 -0.047418345
v 0.004478767 0.010607701 -0.047437478
v -0.0048892093 0.02121802 -0.048482917
v -0.0043230415 0.01904127 -0.048169196
v -0.0037305793 0.016517797 -0.047378697
v 0.0025950752 0.0127163 -0.04727304
v 0.0008616784 0.013226886 -0.047028605
v -0.0011116071 0.013619511 -0.04680273
v -0.0027869001 0.011068989 -0.046030484
v -0.0024865123 0.008203467 -0.045728456
v -0.0022664042 0.005314608 -0.045600843
v 0.00022419571 0.002515922 -0.045880724
v 0.0024558417 0.0026342154 -0.04631435
v 0.004593101 0.0027704327 -0.046871327
v -0.014446759 0.015778279 -0.048021134
v -0.013108498 0.0144443195 -0.04775403
v -0.011773841 0.013091018 -0.047117658
v -0.005364059 0.013794689 -0.046440408
v -0.007542574 0.013326554 -0.046426445
v -0.009513191 0.012689961 -0.046512336
v -0.018829176 0.0021739672 -0.048058078
v -0.016867798 0.0022514572 -0.047176234
v -0.014580212 0.0023226163 -0.046221696
v -0.011173678 0.010532998 -0.046362776
v -0.011586654 0.008107452 -0.04604051
v -0.011959551 0.0053241383 -0.045719627
v -0.009476587 0.0023597924 -0.04535244
v -0.006962248 0.0023732418 -0.045321442
v -0.0045024976 0.0023966003 -0.04538479
v -0.0034488016 -0.015777469 -0.049104623
v -0.0029619692 -0.01347315 -0.0482303
v -0.0025695504 -0.010989497 -0.047359563
v -0.0020954157 -0.0058973883 -0.046157207
v -0.0020176794 -0.0031650057 -0.04587542
v -0.0020015135 -0.00040848253 -0.04564039
v -0.014910287 -0.011856928 -0.048416216
v -0.013442544 -0.010266865 -0.047398504
v -0.011964139 -0.008684049 -0.046547387
v -0.011952566 -0.00061217655 -0.045572538
v -0.0116676 -0.0034569688 -0.04570468
v -0.0112878755 -0.0059490306 -0.04589876
v -0.009510179 -0.00804408 -0.046091367
v -0.007321436 -0.008474465 -0.046209972
v -0.004855287 -0.00864043 -0.046416506
v 0.007138773 -0.0065304525 -0.048212655
v 0.008299105 -0.007605611 -0.04894628
v 0.009457463 -0.008660376 -0.04957122
v 0.0066530234 -0.004288681 -0.047659196
v 0.006968323 -0.0021388927 -0.047599766
v 0.006939311 0.00029903575 -0.047585435
v 0.00030775086 -0.008042596 -0.046890285
v 0.0027728954 -0.0072915414 -0.04719462
v 0.0049157976 -0.006435947 -0.047496248
v 0.006705686 0.020101707 -0.03455109
v 0.0069471416 0.020035228 -0.037693053
v 0.00697105 0.01952779 -0.0405697
v 0.01290792 0.0040165195 -0.02651883
v 0.013127006 0.0041610193 -0.026586259
v 0.013180162 0.004189292 -0.026746014
v -0.0055669993 0.025957387 -0.03346298
v -0.005420082 0.025944207 -0.036538493
v -0.005281988 0.02588123 -0.03954868
v -0.018125124 0.019162359 -0.03299597
v -0.017956339 0.019215608 -0.03608529
v -0.017678425 0.019043796 -0.039038926
v -0.0034213315 -0.02034791 -0.035214726
v -0.0032509288 -0.020058177 -0.03814493
v -0.0031641633 -0.019831676 -0.040952187
v 0.0139854 0.0040703258 -0.029470956
v 0.014224895 0.004088359 -0.030270567
v 0.014470371 0.004121244 -0.031577308
v -0.005967947 0.024132231 -0.02359452
v -0.0059851357 0.024004657 -0.023423314
v -0.0059999847 0.023686796 -0.023379432
v -0.02363622 0.0026203885 -0.033100113
v -0.023513705 0.0024953827 -0.036140233
v -0.023098553 0.0023359708 -0.039217435
v -0.01797863 0.0179096 -0.022831157
v -0.01809683 0.018176137 -0.022873815
v -0.018112784 0.018266521 -0.0230574
v 0.015429008 0.0037740052 -0.04152784
v 0.015291175 0.003983987 -0.038696054
v 0.01498157 0.0041019046 -0.035897017
v 0.011820042 -0.010386464 -0.029537221
v 0.012068366 -0.010548779 -0.030061476
v 0.01232481 -0.010748157 -0.031125758
v -0.0037006587 -0.019748466 -0.030529095
v -0.003789044 -0.019543337 -0.02923583
v -0.0038199506 -0.019273477 -0.028587757
v -0.017908743 -0.012484903 -0.023943648
v -0.017885704 -0.012471062 -0.02377669
v -0.017772293 -0.012466476 -0.0236907
v -0.017583415 -0.014590946 -0.04018266
v -0.017768191 -0.014358193 -0.037229463
v -0.017906712 -0.014055255 -0.03428628
v 0.012355756 -0.011222069 -0.04156091
v 0.012459235 -0.011270282 -0.03877543
v 0.01246275 -0.011177658 -0.035848666
v -0.0042281677 -0.018206788 -0.025203055
v -0.0041585644 -0.018310672 -0.025278145
v -0.004108508 -0.018369904 -0.025441675
v -0.023403976 0.0073010894 -0.030274028
v -0.022427397 0.011759101 -0.030059207
v -0.020888332 0.015959937 -0.029764768
v -0.020350771 -0.01022262 -0.0313291
v -0.022066133 -0.006173643 -0.031005392
v -0.023217393 -0.0018107009 -0.030667244
v 0.009270107 -0.014255905 -0.033046607
v 0.005381555 -0.0171476 -0.03284391
v 0.00090736966 -0.019029252 -0.032757074
v 0.015784469 -7.3281817E-06 -0.033309862
v 0.015960364 -0.003922978 -0.03317517
v 0.014692795 -0.0075298147 -0.03318878
v -0.007782291 -0.01988561 -0.032335747
v -0.0116794165 -0.018777892 -0.032059096
v -0.015109369 -0.01666642 -0.03185071
v -0.01542487 0.021782996 -0.030399853
v -0.012259553 0.023778887 -0.030500984
v -0.008965521 0.025192095 -0.030549852
v -0.0024551959 0.025820125 -0.030777043
v 0.0005840703 0.024674695 -0.031137593
v 0.0034983943 0.022752244 -0.0314915
v 0.009127637 0.016502982 -0.032453645
v 0.011393624 0.012496095 -0.03302552
v 0.013244505 0.008336135 -0.033383373
v 0.0077086757 0.01607229 -0.025767755
v 0.009874939 0.01204565 -0.026301445
v 0.011683442 0.008066992 -0.0267659
v -0.0029950468 0.023992175 -0.02419667
v -0.00039921718 0.023246424 -0.024499256
v 0.0022736315 0.021805096 -0.024871781
v -0.015400436 0.020758078 -0.023516208
v -0.012288378 0.022568967 -0.023652598
v -0.009093615 0.023709433 -0.023776986
v -0.022963641 0.007231365 -0.023140298
v -0.02195781 0.011322972 -0.023093255
v -0.020301102 0.015139515 -0.023215594
v -0.020219602 -0.009101864 -0.023970962
v -0.021825524 -0.005310649 -0.023644917
v -0.022846974 -0.001221259 -0.02333656
v -0.00803977 -0.018089812 -0.025281677
v -0.011410669 -0.017070923 -0.024972256
v -0.014910473 -0.015266388 -0.02451657
v 0.014126728 0.00034674094 -0.027212726
v 0.014155606 -0.003029913 -0.027246477
v 0.013329576 -0.0064775567 -0.027147075
v 0.007548164 -0.012573887 -0.026857106
v 0.004114246 -0.014968696 -0.026783226
v 0.00010515009 -0.017340222 -0.02649629
v 0.013571963 0.0040804646 -0.028458314
v 0.013399046 0.0041021984 -0.027956482
v 0.013281463 0.004136577 -0.027456937
v -0.01790694 -0.01286059 -0.025963703
v -0.017872438 -0.012715157 -0.025312513
v -0.017867416 -0.012597605 -0.024708636
v 0.011407875 -0.010144095 -0.028650505
v 0.01123301 -0.010069409 -0.028054066
v 0.011088337 -0.010018749 -0.02747684
v 0.0051344405 0.019406822 -0.025808861
v 0.00521914 0.019359343 -0.026425445
v 0.0053334422 0.019362602 -0.027033137
v -0.005901193 0.024255438 -0.024467163
v -0.005854546 0.02440516 -0.025125537
v -0.005810807 0.024617234 -0.02580302
v -0.018034067 0.01829994 -0.023914322
v -0.018019063 0.018365754 -0.024541741
v -0.018048497 0.018482106 -0.025178105
v -0.003984715 -0.018507117 -0.026240345
v -0.0039172354 -0.01863647 -0.026877385
v -0.0038706567 -0.018810589 -0.027554914
v -0.023176305 0.0029926156 -0.023676977
v -0.023162501 0.0029602114 -0.024282463
v -0.023217116 0.0029286828 -0.024915056
v -0.023019575 0.007261616 -0.025440054
v -0.022085758 0.011496182 -0.025478663
v -0.020438295 0.015414577 -0.025594274
v -0.020225322 -0.009541587 -0.026149144
v -0.02190605 -0.005675225 -0.025824817
v -0.022987198 -0.0014663412 -0.025602598
v 0.008189195 -0.013056025 -0.028837373
v 0.004425703 -0.0155534595 -0.028586907
v 0.00032372808 -0.017789101 -0.028428143
v 0.014763257 0.00016417082 -0.029169766
v 0.014796175 -0.003401798 -0.029298067
v 0.0138684 -0.0068913377 -0.029278986
v -0.008000614 -0.018970443 -0.027705532
v -0.01164092 -0.017853005 -0.027308565
v -0.015106231 -0.015910905 -0.026973814
v -0.015386518 0.021228788 -0.025841229
v -0.012243645 0.023106974 -0.025988627
v -0.0089967055 0.024293974 -0.026171483
v -0.0027536976 0.02466642 -0.026605785
v 2.6582782E-05 0.02381147 -0.026880149
v 0.002761653 0.02207102 -0.027200766
v 0.008048929 0.016023302 -0.027956095
v 0.010335522 0.012143658 -0.028325655
v 0.012233531 0.008097463 -0.02866565
v 0.010919234 -0.009975026 -0.02670703
v 0.010790324 -0.009964757 -0.026548818
v 0.010504604 -0.009953669 -0.026519835
v -0.018150153 -0.013601168 -0.029404618
v -0.018161416 -0.013421408 -0.027903317
v -0.018073136 -0.013216177 -0.027072465
v -0.0057000793 0.025797272 -0.028381266
v -0.0057379263 0.025457824 -0.027327325
v -0.0057612276 0.025152823 -0.026785472
v -0.018278742 0.018857157 -0.02611885
v -0.018464457 0.019117568 -0.026697248
v -0.018551977 0.01929639 -0.027937787
v -0.023095416 0.0028475216 -0.022646597
v -0.02327129 0.002985072 -0.022702012
v -0.023288157 0.0030291216 -0.022875963
v 0.0060959607 0.019880611 -0.03000348
v 0.0058526783 0.01972875 -0.028794328
v 0.005654352 0.01956801 -0.028075919
v 0.0047551626 0.019088928 -0.024695817
v 0.0049406285 0.019390987 -0.024736095
v 0.0050216056 0.019484846 -0.024931762
v -0.023524612 0.0028956083 -0.025953408
v -0.02373601 0.0028814776 -0.026716229
v -0.023828108 0.00283091 -0.02817947
v 0.0090198135 -0.025897015 0.026409859
v 0.010340854 -0.025487814 0.02870364
v 0.011559043 -0.024882555 0.025816819
v 0.011481518 -0.024162982 0.023060353
v 0.008183757 -0.025980646 0.02505467
v 0.004744424 -0.027212318 0.027218014
v 0.0069952984 -0.026575398 0.028395677
v 0.011892014 -0.02719308 -0.003490755
v 0.010559225 -0.025378892 -0.00662701
v 0.009191345 -0.023451062 -0.0096863145
v 0.009398793 -0.02965239 -0.0029781996
v 0.008052433 -0.027828243 -0.0063345693
v 0.0067238505 -0.025804628 -0.009574636
v 0.006452298 -0.031602267 -0.002200881
v 0.0051193684 -0.02975837 -0.0058189747
v 0.003859155 -0.0276692 -0.009296317
v -0.013069479 -0.026350817 0.0067271143
v -0.013271032 -0.024605442 0.0012865687
v -0.013305073 -0.022776859 -0.003876641
v -0.017564915 -0.023872813 0.0076857097
v -0.017255686 -0.0223476 0.0026122585
v -0.016862826 -0.020714587 -0.0024612986
v -0.021543806 -0.021032019 0.008803467
v -0.020962885 -0.01969307 0.003888304
v -0.02025094 -0.018275838 -0.0011234133
v -0.0004749887 -0.021298042 0.0427198
v 0.0024089774 -0.023639366 0.039285194
v 0.004804868 -0.025249448 0.0354592
v -0.0041860472 -0.02206321 0.041711822
v -0.001275121 -0.024502981 0.03832295
v 0.0015091043 -0.026099024 0.03461463
v -0.007656871 -0.0227222 0.040137906
v -0.004673968 -0.025263732 0.036763515
v -0.0016479112 -0.02692822 0.033077408
v -0.006194399 -0.0034041277 0.049546614
v -0.0056669638 -0.008844845 0.048846014
v -0.004618213 -0.013795763 0.047574468
v -0.010233575 -0.0035652753 0.048471544
v -0.009611555 -0.009188243 0.04777976
v -0.008452801 -0.014305259 0.04652271
v -0.014053188 -0.0036868886 0.046884667
v -0.013346998 -0.009467785 0.046190828
v -0.012084214 -0.014730681 0.04493527
v -0.02709026 -0.013270554 0.010593186
v -0.02632215 -0.012409076 0.0056568673
v -0.025283065 -0.011547749 0.00065031444
v -0.028581735 -0.00827882 0.011049777
v -0.027785763 -0.0077352943 0.006062147
v -0.026698677 -0.00722453 0.0010276949
v -0.029387007 -0.0028009482 0.011316513
v -0.028578948 -0.002596818 0.006281093
v -0.02748101 -0.0024547693 0.0012173085
v -0.029392354 0.008770859 0.011632578
v -0.028580355 0.008340154 0.006580658
v -0.02748438 0.007781185 0.001497136
v -0.028581154 0.0143909585 0.011671742
v -0.027793366 0.01369495 0.00664966
v -0.026707595 0.012832409 0.0015772631
v -0.0270877 0.019553745 0.011495463
v -0.0263504 0.018629989 0.006507234
v -0.025316026 0.01750491 0.0014446666
v -0.004649264 0.018573437 0.048395813
v -0.005680139 0.013483634 0.049440116
v -0.0061993375 0.007984601 0.049860366
v -0.008477484 0.019127363 0.047397785
v -0.009621776 0.013880248 0.04840011
v -0.010236956 0.008202562 0.048793055
v -0.012103887 0.019619754 0.04588669
v -0.013354977 0.014239676 0.04684324
v -0.014056257 0.008408818 0.047216713
v 0.004981423 0.031239158 0.03609723
v 0.002180474 0.029459137 0.040137567
v -0.00059693103 0.02670596 0.043706086
v 0.0013947374 0.032023173 0.0354513
v -0.0014750919 0.03026245 0.039390277
v -0.004287567 0.027471777 0.042859036
v -0.0018702908 0.032679312 0.034467537
v -0.004854468 0.030940961 0.038243473
v -0.0077418196 0.028131213 0.041558377
v -0.021543358 0.027485631 0.010119017
v -0.021100076 0.026228586 0.005140074
v -0.020385562 0.02472372 5.4571614E-05
v -0.017720804 0.02999232 0.008975574
v -0.017503375 0.028625812 0.0039974786
v -0.0170473 0.027005766 -0.0010955936
v -0.013654538 0.031527758 0.007729187
v -0.01366905 0.030082038 0.002804461
v -0.013488596 0.028385403 -0.0022443424
v -0.006140626 0.031694476 0.005564071
v -0.006500053 0.030162267 0.0010484476
v -0.006792142 0.028436916 -0.003638041
v -0.002988011 0.030390244 0.0048328065
v -0.0034517366 0.028822547 0.00056674413
v -0.003923597 0.027132165 -0.003862093
v -0.00018540588 0.028180823 0.0043337783
v -0.00074883975 0.026569312 0.00019083411
v -0.0013765572 0.024988553 -0.0040443023
v 0.006434907 0.028257715 0.01918919
v 0.0086297365 0.028114012 0.019961795
v 0.011164916 0.027698295 0.020443508
v 0.005087059 0.030972732 0.022677135
v 0.0076116924 0.030628167 0.02335944
v 0.01041528 0.03014142 0.023754215
v 0.0032691977 0.032640453 0.026482997
v 0.006058535 0.03217866 0.027190281
v 0.009217266 0.031564817 0.027653556
v 0.0225481 0.018100874 0.01816745
v 0.019761093 0.018408343 0.017013745
v 0.016900381 0.019142639 0.01656002
v 0.02292024 0.014444749 0.017406868
v 0.01979254 0.014375834 0.016087102
v 0.016746858 0.014830586 0.015486964
v 0.02301489 0.009813252 0.016810756
v 0.019786162 0.009818958 0.0156010045
v 0.016464408 0.010633796 0.0148765985
v 0.0042149955 0.020260248 0.0029737204
v 0.0035772764 0.01922522 -0.0009925769
v 0.0027731415 0.018598242 -0.005096231
v 0.005843798 0.0148022305 0.0023915542
v 0.0052599185 0.014579604 -0.0011244309
v 0.004386746 0.015057278 -0.0056508463
v 0.0074524144 0.008001166 0.0022761733
v 0.006629102 0.009624494 -0.0016544628
v 0.0057708826 0.011167405 -0.006905144
v 0.013206861 -0.016353646 -0.002256117
v 0.011807449 -0.014030454 -0.0059019336
v 0.010906709 -0.013259163 -0.009255259
v 0.013912347 -0.018963773 -0.0030885343
v 0.012584223 -0.016985703 -0.0062549496
v 0.011499166 -0.01593707 -0.009348926
v 0.014144563 -0.02170485 -0.0036358032
v 0.012844331 -0.019794235 -0.0065888343
v 0.0116128195 -0.018448554 -0.009511134
v 0.022816764 -0.0012180931 0.016546516
v 0.019747246 -0.00032846825 0.015584738
v 0.016482564 0.00012205677 0.014736239
v 0.022826893 -0.0061377324 0.017067814
v 0.020009354 -0.0058497866 0.01622919
v 0.016839063 -0.0058856993 0.015243998
v 0.022651223 -0.010355938 0.017800467
v 0.02009028 -0.010704599 0.017137213
v 0.016988587 -0.011483036 0.016174456
v 0.026881289 0.018027507 0.022549212
v 0.027949404 0.013059627 0.02211491
v 0.028495347 0.006907857 0.021959536
v 0.027949052 0.018366395 0.025510978
v 0.02913133 0.012932691 0.025243983
v 0.02978958 0.0062465323 0.025105188
v 0.027930886 0.019150594 0.02868398
v 0.0293225 0.013661776 0.02877115
v 0.030017387 0.007448828 0.028620567
v 0.027582817 -0.0026647863 0.020401316
v 0.027010085 -0.0077614146 0.020478597
v 0.026248503 -0.011735192 0.020969797
v 0.028965615 -0.004971936 0.023566185
v 0.02837246 -0.009127532 0.023755979
v 0.027557671 -0.012639342 0.024146369
v 0.029814027 -0.0038179795 0.028013492
v 0.029177392 -0.008419671 0.027998276
v 0.028019197 -0.012888653 0.027890928
v 0.026814418 -0.0029387465 0.03626923
v 0.02609251 -0.008318677 0.03587242
v 0.024842372 -0.012848073 0.03556454
v 0.023413977 -0.0028545132 0.039965343
v 0.022783844 -0.007961442 0.03951034
v 0.021525314 -0.012227021 0.039235283
v 0.01931516 -0.002727323 0.04325044
v 0.018859608 -0.0075955 0.042710803
v 0.018085342 -0.01174124 0.04209288
v 0.024674973 0.019028345 0.03627579
v 0.026040608 0.014091655 0.036448274
v 0.026799483 0.008571015 0.036574844
v 0.021544253 0.018140722 0.039823472
v 0.022735154 0.013477311 0.04007686
v 0.023399735 0.008206475 0.04026783
v 0.018020587 0.017054832 0.042850945
v 0.018826205 0.012774042 0.043264892
v 0.019302212 0.007812857 0.04354254
v 0.0058681 -0.026591126 0.021635272
v 0.009138845 -0.024419539 0.020335615
v 0.00736281 -0.025761908 0.020416833
v 0.0054296157 -0.026991041 0.02073408
v 0.004389382 -0.027397597 0.021942016
v 0.0036769777 -0.027645087 0.023673922
v 0.0066674254 -0.026150333 0.022185909
v -0.010426465 -0.028561741 0.021328209
v -0.014300973 -0.026508618 0.025600346
v -0.017839184 -0.023655202 0.02916792
v -0.009048986 -0.028466824 0.024792766
v -0.012433279 -0.02648504 0.028821178
v -0.015800593 -0.023688188 0.03229389
v -0.007099278 -0.028153844 0.028135959
v -0.010268008 -0.026268119 0.031906985
v -0.01347703 -0.023550007 0.035315275
v -0.023077508 -0.015201808 0.034164373
v -0.024614586 -0.009697774 0.035516746
v -0.02545643 -0.0036573533 0.03627056
v -0.020906195 -0.0152509445 0.03735898
v -0.022403793 -0.009753136 0.03871435
v -0.023258507 -0.003730551 0.03947446
v -0.01835557 -0.015206233 0.04028702
v -0.019795181 -0.009749955 0.041606594
v -0.020620573 -0.0037681758 0.04234244
v -0.025458105 0.008955716 0.036629606
v -0.024587963 0.015017526 0.03629449
v -0.023043917 0.020573538 0.03551164
v -0.023260117 0.008853817 0.039829317
v -0.022406232 0.014905856 0.039478898
v -0.020911831 0.020461423 0.038642056
v -0.020622695 0.008735706 0.042691294
v -0.01980175 0.014753839 0.04233651
v -0.018372012 0.020286977 0.041458424
v -0.01769589 0.029176166 0.032282345
v -0.014122125 0.03193415 0.029860351
v -0.010346069 0.033619873 0.027042238
v -0.015822334 0.029103393 0.03509754
v -0.012448867 0.03188469 0.03242055
v -0.008884597 0.033567954 0.029318579
v -0.013549727 0.028941713 0.037632525
v -0.010373318 0.031745434 0.034723382
v -0.0070294105 0.03343697 0.031371977
v -0.0032557794 0.03364241 0.02073263
v -0.00038423756 0.03193861 0.017494757
v 0.0019342575 0.029157385 0.014454525
v -0.0022657095 0.03346786 0.022414865
v 0.00053394266 0.03172716 0.018986622
v 0.0029545615 0.028826933 0.015976353
v -0.00097029755 0.033272993 0.0240071
v 0.0015260995 0.031513892 0.020400362
v 0.003838935 0.02858925 0.017247112
v 0.0057532582 0.020573027 0.009937022
v 0.0072430247 0.015165654 0.009117862
v 0.008568226 0.009413747 0.00909132
v 0.0065649915 0.02030844 0.012225683
v 0.007969276 0.015184981 0.011483683
v 0.009298983 0.009793668 0.011351097
v 0.0072150626 0.020282738 0.013642937
v 0.008529992 0.015472311 0.012879666
v 0.009845539 0.010400047 0.012646922
v 0.011851496 -0.0029801046 0.012699022
v 0.01094865 -0.0008439787 0.011230399
v 0.011815463 -0.0049064844 0.012336505
v 0.012754459 -0.008473054 0.013411229
v 0.012579809 -0.004216201 0.01331479
v 0.012037231 0.00053029624 0.013084547
v 0.011286859 0.0003277953 0.0122826025
v -0.0069567855 -0.02643547 -0.006350506
v -0.006226035 -0.028471252 -0.0015567957
v -0.0050302027 -0.030425208 0.003673256
v -0.0042993235 -0.027907334 -0.0073184227
v -0.0033853445 -0.029967751 -0.0029530067
v -0.0021248234 -0.03187221 0.0016879485
v -0.0017313934 -0.028762097 -0.008157714
v -0.0006783848 -0.030853532 -0.0041362247
v 0.00061189325 -0.032724075 9.158163E-05
v 0.009579139 -0.032293797 0.01979565
v 0.008070969 -0.03184021 0.019715961
v 0.009310904 -0.031412877 0.02004054
v 0.0105783595 -0.031137157 0.020006882
v 0.010504046 -0.032431044 0.019653328
v 0.010108665 -0.033416048 0.018878495
v 0.008943748 -0.03283349 0.019308684
v 0.009376837 -0.0021301268 -0.00043334084
v 0.008156781 0.0021994617 -0.004812432
v 0.008297684 0.000597146 -0.0086744735
v 0.010307738 -0.0063179457 -0.0010225595
v 0.009071646 -0.0024622085 -0.0051501542
v 0.008988223 -0.0036763684 -0.009004794
v 0.011202653 -0.010057869 -0.001626827
v 0.0098595 -0.0065857866 -0.0055812187
v 0.009533889 -0.007111203 -0.009195119
v 0.0072982977 -0.028893443 0.02002766
v 0.0071199024 -0.027708782 0.019848797
v 0.006805508 -0.02707224 0.019822763
v 0.008982242 -0.02809166 0.01989612
v 0.008948742 -0.026595782 0.019518869
v 0.008782889 -0.025735272 0.019370865
v 0.010655977 -0.02719598 0.019614311
v 0.010669206 -0.025345888 0.018906612
v 0.010585985 -0.02408855 0.018484415
v 0.015907818 -0.025888974 0.011708824
v 0.015888467 -0.023791257 0.008826607
v 0.015373835 -0.021434933 0.0055441
v 0.016369572 -0.027281437 0.010950924
v 0.016448444 -0.025384815 0.0077840746
v 0.016013186 -0.023482868 0.0042655673
v 0.016503561 -0.028763933 0.010301173
v 0.016607128 -0.02720044 0.0070654424
v 0.016195213 -0.02561494 0.0034920024
v 0.014109263 -0.03015194 0.0036046756
v 0.011862073 -0.032333247 0.004399123
v 0.009241146 -0.034011792 0.0055704573
v 0.014769213 -0.031235896 0.0072951955
v 0.012816951 -0.033115756 0.008237058
v 0.0105515495 -0.034499396 0.009502722
v 0.015023765 -0.031991668 0.010695681
v 0.013437838 -0.03355939 0.011825555
v 0.011601642 -0.034602713 0.013118715
v 0.00425236 -0.034750476 0.008834753
v 0.0021212753 -0.033799633 0.010732787
v 0.00014897031 -0.03232814 0.013132607
v 0.006584348 -0.03480772 0.012997698
v 0.0049075023 -0.033793114 0.014889856
v 0.003190782 -0.03251633 0.016516421
v 0.008224729 -0.03462663 0.01576422
v 0.006661749 -0.03371984 0.017068654
v 0.0052251196 -0.032474734 0.018242147
v 0.012995124 -0.020762553 0.0150789
v 0.013508999 -0.019994002 0.013017461
v 0.014085569 -0.019638475 0.010338676
v 0.013081604 -0.023033954 0.016211865
v 0.013766782 -0.022473726 0.014498746
v 0.014425876 -0.022299578 0.012497347
v 0.013242792 -0.025400795 0.017554011
v 0.014022334 -0.024883961 0.015969617
v 0.014669439 -0.024649717 0.01428771
v 0.012247275 -0.0109434975 0.009479091
v 0.0127695715 -0.013642073 0.012372371
v 0.012071451 -0.009586079 0.010599945
v 0.011024639 -0.006181029 0.007865558
v 0.011656228 -0.009304013 0.0067998185
v 0.012600279 -0.012882344 0.0069505884
v 0.012783569 -0.013710474 0.010358382
v 0.0022224216 -0.029733999 0.0191888
v 0.00046561085 -0.030188758 0.018218618
v 0.0016889122 -0.029532991 0.019210726
v 0.0031657696 -0.02894824 0.019748284
v 0.003644258 -0.029387113 0.01963066
v 0.004005232 -0.030142546 0.019467693
v 0.002232589 -0.030329242 0.0188405
v -0.00088325515 -0.02938469 0.021137845
v -0.0014698323 -0.029279847 0.02315583
v 0.0005327184 -0.028991278 0.02178985
v 0.0016649885 -0.02877511 0.020702519
v -0.00011936217 -0.029329306 0.020175148
v -0.0022605367 -0.02956865 0.019609164
v -0.0023332846 -0.029486962 0.021493085
v 0.012648981 -0.03350773 0.017928002
v 0.01286359 -0.03229794 0.018865991
v 0.0130719505 -0.030554757 0.019159062
v 0.013822683 -0.032935664 0.016978497
v 0.013918597 -0.031735588 0.017912855
v 0.014081071 -0.02989264 0.018026002
v 0.014991828 -0.031716343 0.015246335
v 0.015005819 -0.03051587 0.01612211
v 0.014962757 -0.028756646 0.016178997
v 0.00923085 -0.012892696 -0.017083265
v 0.009531135 -0.015409895 -0.015268636
v 0.009694913 -0.0135803735 -0.015126467
v 0.009427543 -0.011521067 -0.0155417165
v 0.009020097 -0.011332383 -0.01806973
v 0.008591183 -0.011960062 -0.020071862
v 0.00891785 -0.013866965 -0.017831232
v 0.0016423253 -0.023291215 -0.015861103
v 0.004370638 -0.02151136 -0.015953032
v 0.0068200757 -0.019418795 -0.015863907
v 0.0006359122 -0.02123664 -0.018815218
v 0.003445187 -0.019443966 -0.018980835
v 0.005998919 -0.017392164 -0.018904371
v -0.0005286097 -0.019262966 -0.021514082
v 0.0027546121 -0.017531024 -0.02183932
v 0.0055385623 -0.015339651 -0.022011423
v 0.006525531 0.0072517856 -0.0152248535
v 0.005005821 0.011016621 -0.0141945295
v 0.003156285 0.014800888 -0.013265949
v 0.0067737186 0.0066807214 -0.018662829
v 0.005118881 0.0104419235 -0.017720146
v 0.0031927126 0.013994108 -0.016840799
v 0.0073676687 0.006000833 -0.021522537
v 0.0057172314 0.009633681 -0.020741465
v 0.0036814949 0.013064049 -0.01995617
v -0.0014253751 0.021225996 -0.012561891
v -0.0039393906 0.023347875 -0.0125921825
v -0.006532279 0.024663419 -0.01256379
v -0.0010900673 0.019790212 -0.0160741
v -0.003409205 0.021754999 -0.016123658
v -0.005874005 0.02297077 -0.016174385
v -0.0005945477 0.018798817 -0.01935678
v -0.0028515093 0.020628357 -0.019536367
v -0.005177011 0.02163233 -0.019546157
v -0.012278896 0.024668014 -0.011579443
v -0.01534155 0.023399575 -0.010610278
v -0.018232206 0.021326685 -0.009584174
v -0.011345795 0.022956826 -0.01544261
v -0.014246681 0.0217277 -0.0146228
v -0.0169979 0.019740405 -0.013744738
v -0.010397238 0.021644402 -0.018740563
v -0.013235165 0.020453872 -0.01799853
v -0.015906436 0.0185274 -0.017244974
v -0.022634864 0.014895474 -0.008278731
v -0.02395372 0.010783395 -0.008126449
v -0.024720067 0.006360514 -0.008171264
v -0.021249404 0.0136600295 -0.012579679
v -0.022556474 0.0098022325 -0.012411311
v -0.023329262 0.0056549422 -0.012420304
v -0.020095956 0.012723847 -0.016245006
v -0.021408252 0.009069242 -0.016055895
v -0.02219703 0.0051333574 -0.016024943
v -0.024718778 -0.0025450327 -0.0084150685
v -0.023951096 -0.0066734194 -0.008605614
v -0.02262582 -0.010400799 -0.008972921
v -0.023330137 -0.0027312299 -0.012650629
v -0.02255587 -0.006638056 -0.012863376
v -0.021245392 -0.010173332 -0.013236048
v -0.022200422 -0.0028790843 -0.01625138
v -0.021407211 -0.006646896 -0.016485654
v -0.020086175 -0.010068688 -0.016865222
v -0.018199217 -0.0161662 -0.010613685
v -0.015334466 -0.018239755 -0.011776591
v -0.012387337 -0.019988654 -0.012892193
v -0.016981935 -0.015638316 -0.014721299
v -0.014244386 -0.017579883 -0.015710942
v -0.011421405 -0.019189117 -0.016596489
v -0.015848026 -0.015358909 -0.018340992
v -0.013131266 -0.017131008 -0.0193635
v -0.010180781 -0.018560553 -0.020201325
v 0.0088694515 -0.006428198 -0.016576866
v 0.008699404 -0.0033984699 -0.0167518
v 0.008358025 -6.791935E-05 -0.016614942
v 0.008836674 -0.006541967 -0.019736711
v 0.008867104 -0.0036431265 -0.019972317
v 0.008638057 -0.00047379007 -0.019878414
v 0.008888816 -0.006968225 -0.02256661
v 0.009337392 -0.003998947 -0.0228084
v 0.009309049 -0.0008815344 -0.02272789
v -0.005423663 -0.023222135 -0.016460476
v -0.0073189586 -0.023147231 -0.01415583
v -0.0052910135 -0.024338849 -0.014443686
v -0.0032825377 -0.024806987 -0.01500135
v -0.0041098096 -0.023116458 -0.017459081
v -0.0054551754 -0.021462142 -0.019188205
v -0.0067847082 -0.022144467 -0.016975423
v 0.009264288 0.00619663 -0.025773387
v 0.0075587817 0.009656966 -0.02505133
v 0.005450823 0.012852559 -0.024152143
v 0.009955086 0.006593512 -0.026390485
v 0.008183559 0.010058852 -0.02581115
v 0.006088732 0.013447592 -0.024963714
v 0.010546057 0.007079005 -0.026466992
v 0.008740624 0.010646334 -0.025959112
v 0.0066216923 0.014289403 -0.025229597
v 0.00042111267 0.018538417 -0.023503851
v -0.0018350362 0.019992106 -0.023475192
v -0.0039856797 0.020757206 -0.023254199
v 0.0008886125 0.019137476 -0.024167651
v -0.0014452379 0.020504076 -0.024015892
v -0.0036518201 0.021231443 -0.023757381
v 0.0013214077 0.019971265 -0.024307756
v -0.0011166418 0.02130363 -0.02408098
v -0.0034162435 0.022027034 -0.023790475
v -0.009180196 0.02073556 -0.022662312
v -0.012061405 0.019699737 -0.022304377
v -0.014843739 0.017912365 -0.02193662
v -0.008994241 0.02117827 -0.023239132
v -0.01192761 0.020155247 -0.02299802
v -0.014782168 0.018391365 -0.02273354
v -0.008981868 0.021935116 -0.023327526
v -0.011995022 0.02088334 -0.023194607
v -0.014933024 0.019112011 -0.022995105
v -0.019107554 0.01232921 -0.02129263
v -0.020516468 0.008954422 -0.021160513
v -0.021419723 0.005057883 -0.021162594
v -0.01916892 0.012856411 -0.022182228
v -0.020645909 0.009430877 -0.022068435
v -0.021601414 0.0055401474 -0.022092065
v -0.019478535 0.013583735 -0.022526091
v -0.0210225 0.010047013 -0.022416119
v -0.022018794 0.0061287405 -0.022460364
v -0.021286253 -0.002598456 -0.021403033
v -0.020439334 -0.006304166 -0.021659894
v -0.018950831 -0.009763068 -0.021954117
v -0.021457896 -0.0022508611 -0.022289041
v -0.020579891 -0.00601083 -0.0225723
v -0.019066341 -0.009529863 -0.022850163
v -0.021892319 -0.0018732839 -0.022644041
v -0.02097318 -0.0057276567 -0.022944054
v -0.019433418 -0.009336173 -0.02322964
v -0.014251989 -0.014865311 -0.022791393
v -0.011332967 -0.016425427 -0.023492243
v -0.008369067 -0.017345132 -0.023931762
v -0.014198293 -0.014871025 -0.02349466
v -0.011168504 -0.016455617 -0.024107603
v -0.008179759 -0.017322263 -0.024487887
v -0.014386233 -0.01495796 -0.02380114
v -0.011205617 -0.016607633 -0.02436783
v -0.008106102 -0.017498167 -0.024719117
v 0.0096709365 -0.00721339 -0.025812741
v 0.010789115 -0.0039351857 -0.02613489
v 0.010984511 -0.00090712646 -0.026336402
v 0.010606741 -0.0069156066 -0.026425375
v 0.0116516 -0.0036471048 -0.02671529
v 0.011780795 -0.00061913347 -0.026856354
v 0.011571761 -0.0066765025 -0.026657995
v 0.012505197 -0.0033743882 -0.02687266
v 0.012565 -0.0002665025 -0.026945436
v -0.0013190458 -0.017036872 -0.024961613
v 0.002513343 -0.0149036795 -0.025665825
v 0.0052638105 -0.012577048 -0.025940899
v -0.0009655704 -0.016795065 -0.025650801
v 0.0028296642 -0.014604249 -0.0262266
v 0.0056704795 -0.012317877 -0.026421392
v -0.00060088915 -0.016871544 -0.025935119
v 0.0032492576 -0.014613324 -0.02642937
v 0.0062478697 -0.012312708 -0.0265675
v 0.01362086 0.008325639 -0.03575773
v 0.011829675 0.012546472 -0.03544089
v 0.00954233 0.016598755 -0.03496477
v 0.013956088 0.00821839 -0.03854291
v 0.0121584935 0.012470251 -0.03830231
v 0.009799243 0.016508866 -0.037995808
v 0.014024624 0.0079805795 -0.041328624
v 0.01210593 0.012150842 -0.041092433
v 0.009717705 0.016075788 -0.04083505
v 0.003774014 0.02272467 -0.034316666
v 0.00078342546 0.024582567 -0.03404973
v -0.0023264943 0.025741272 -0.033726394
v 0.0039958237 0.022688141 -0.037418593
v 0.0009673386 0.024532564 -0.037134673
v -0.00217337 0.025641965 -0.0368288
v 0.004083481 0.022392226 -0.040354066
v 0.0010987383 0.024484035 -0.0401283
v -0.0020347612 0.025625607 -0.039841473
v -0.008848141 0.02517028 -0.033350274
v -0.01210023 0.02375859 -0.03326421
v -0.01522219 0.021748021 -0.033162255
v -0.008713316 0.025327828 -0.03633467
v -0.011964391 0.023925977 -0.036216788
v -0.015077505 0.021874541 -0.03613829
v -0.008571401 0.025346978 -0.03932494
v -0.011817919 0.02396335 -0.039164934
v -0.014896726 0.021843912 -0.039071158
v -0.01500436 -0.016984804 -0.034492537
v -0.011609395 -0.019184522 -0.0346678
v -0.0077006277 -0.020344088 -0.034934357
v -0.014757291 -0.017086774 -0.037432134
v -0.011326197 -0.019100975 -0.03764601
v -0.00746872 -0.020180335 -0.03790432
v -0.014561186 -0.017203374 -0.04033601
v -0.011136324 -0.019079601 -0.040535886
v -0.0073124203 -0.02001888 -0.040767565
v 0.014711441 -0.007690917 -0.03587321
v 0.01591739 -0.003999167 -0.035871685
v 0.015828598 -4.293849E-05 -0.035888147
v 0.014733127 -0.00780323 -0.03881261
v 0.015950594 -0.0040946524 -0.038809557
v 0.01603345 -0.00014654735 -0.038769964
v 0.01456802 -0.00780569 -0.041594137
v 0.01587012 -0.0041653486 -0.041635685
v 0.016151322 -0.00030149738 -0.041632194
v 0.013774531 0.007470864 -0.04558892
v 0.0118281515 0.011547674 -0.04539702
v 0.009435312 0.015404637 -0.045178615
v 0.01357159 0.0072977664 -0.046818152
v 0.011615439 0.01133972 -0.046646524
v 0.009220806 0.015190465 -0.046458673
v 0.013339493 0.007183907 -0.047542892
v 0.011380755 0.011187662 -0.047399633
v 0.008982227 0.01502032 -0.047226418
v 0.003889132 0.021683257 -0.04468217
v 0.0009868689 0.023979604 -0.044614274
v -0.0020641289 0.025260119 -0.044447534
v 0.0036929976 0.02152381 -0.046049412
v 0.00079801906 0.023827745 -0.04597779
v -0.0022355423 0.025008153 -0.045774452
v 0.0034553828 0.021353 -0.04684425
v 0.00055482937 0.023599813 -0.046680424
v -0.0024375345 0.024739347 -0.046422124
v -0.008410698 0.02526299 -0.04412406
v -0.011603933 0.024052119 -0.04402425
v -0.014627285 0.021922816 -0.04390134
v -0.008412778 0.025086375 -0.045423985
v -0.011533804 0.02388902 -0.045316085
v -0.014485649 0.021783903 -0.045229387
v -0.008490516 0.02480733 -0.04602456
v -0.011538434 0.023590565 -0.04591343
v -0.01441078 0.021518582 -0.045866977
v -0.019601308 0.01543909 -0.043876972
v -0.021191996 0.011282189 -0.043849647
v -0.022154385 0.0068115266 -0.043881714
v -0.019392451 0.015365091 -0.045293607
v -0.021089105 0.01126475 -0.045375813
v -0.022120036 0.0067932126 -0.045468844
v -0.019189248 0.015199887 -0.046004295
v -0.02090999 0.011168639 -0.04615709
v -0.021988038 0.006741347 -0.046314478
v -0.022027887 -0.0024893223 -0.04411301
v -0.021055995 -0.007058258 -0.044406943
v -0.019553553 -0.01142069 -0.044907793
v -0.021901995 -0.0025363837 -0.045639817
v -0.020864287 -0.0070817545 -0.045841277
v -0.019245947 -0.011353313 -0.046208788
v -0.021756245 -0.0025396375 -0.046483494
v -0.020707503 -0.0070352335 -0.04659598
v -0.019056775 -0.011210586 -0.04676209
v -0.014547131 -0.017839132 -0.04528918
v -0.011254631 -0.01970912 -0.045414113
v -0.0075423657 -0.020601789 -0.045582484
v -0.01446029 -0.01769472 -0.046528514
v -0.011303078 -0.019591505 -0.046670277
v -0.007744154 -0.020535078 -0.046808608
v -0.014426103 -0.01741582 -0.04698194
v -0.011352027 -0.019277912 -0.047120307
v -0.007908514 -0.020216549 -0.0472502
v 0.014378921 -0.007745536 -0.045838363
v 0.015520972 -0.004203427 -0.04582521
v 0.01577518 -0.00050370244 -0.045834694
v 0.014359124 -0.0076930607 -0.047129203
v 0.015450914 -0.0041998844 -0.04708084
v 0.015603182 -0.00056246255 -0.04703547
v 0.01419533 -0.00760036 -0.047851667
v 0.015298151 -0.0041574333 -0.0477832
v 0.015397764 -0.0005750114 -0.047708686
v 0.0010061469 -0.018939624 -0.045748528
v 0.0053994595 -0.016976874 -0.046002474
v 0.009395487 -0.014290814 -0.046087917
v 0.0007944642 -0.018826324 -0.04695067
v 0.005166904 -0.01683087 -0.047245756
v 0.009258362 -0.014136311 -0.047363546
v 0.00055483327 -0.018587831 -0.047510687
v 0.0048786723 -0.016581444 -0.047714572
v 0.008956042 -0.013895066 -0.04788286
v -0.021537116 -0.0024697576 -0.047414567
v -0.020536631 -0.006881075 -0.047474295
v -0.018912159 -0.010963688 -0.04749669
v -0.021360466 -0.0024071012 -0.047891483
v -0.02038889 -0.006767164 -0.047947288
v -0.01880266 -0.010821878 -0.04794339
v -0.020916741 -0.002278426 -0.048291784
v -0.019986425 -0.0065247007 -0.048347276
v -0.01847684 -0.010497996 -0.04831358
v 0.012906164 0.007061976 -0.048376545
v 0.010944539 0.010968317 -0.04827549
v 0.008555515 0.014736531 -0.04811167
v 0.012665081 0.006998634 -0.04876394
v 0.010710667 0.010827692 -0.048668157
v 0.008345279 0.014531246 -0.04850665
v 0.012290573 0.0068953554 -0.049134288
v 0.0103709 0.010597997 -0.049030248
v 0.008061592 0.014176753 -0.04886972
v 0.0030530326 0.020972775 -0.047679212
v 0.00016734138 0.023127694 -0.047389906
v -0.0027537232 0.0242733 -0.047088567
v 0.0029236947 0.020702891 -0.048076324
v 7.976869E-05 0.022851532 -0.047788262
v -0.0028038677 0.024020245 -0.047483444
v 0.002814944 0.020177582 -0.048458833
v 6.2540625E-05 0.022306181 -0.048202366
v -0.0027496978 0.023508156 -0.047913216
v 0.00018930901 -0.018173723 -0.04823565
v 0.004466502 -0.016230905 -0.048340123
v 0.008496762 -0.013580281 -0.048553623
v 0.00010136333 -0.017877111 -0.048688553
v 0.004354891 -0.01602139 -0.04877882
v 0.008355394 -0.0134121375 -0.048995636
v 6.6339184E-05 -0.017288283 -0.049134996
v 0.004220708 -0.015536831 -0.049221106
v 0.008148664 -0.013051532 -0.049405098
v -0.008670645 0.024320496 -0.046736013
v -0.011609098 0.023074565 -0.04666141
v -0.014377447 0.021064254 -0.04664732
v -0.008658713 0.024019025 -0.047167245
v -0.0115428865 0.022760168 -0.047100414
v -0.014265719 0.0207903 -0.047088075
v -0.008488266 0.023436166 -0.047601327
v -0.011291678 0.022188442 -0.04752629
v -0.013946554 0.020292504 -0.047502853
v -0.018962702 0.014905755 -0.046826165
v -0.020619692 0.010958778 -0.046990972
v -0.02167604 0.0066329674 -0.047176536
v -0.018766943 0.014718916 -0.047261048
v -0.020395303 0.0108287735 -0.04742627
v -0.021433936 0.006571636 -0.047613524
v -0.01829982 0.014360692 -0.047660805
v -0.019883595 0.010580017 -0.04781596
v -0.020916846 0.0064520813 -0.047990106
v -0.014465878 -0.016981509 -0.04762543
v -0.011489896 -0.018837174 -0.047744475
v -0.008172406 -0.019762915 -0.04786195
v -0.01441383 -0.016749775 -0.04805862
v -0.011469682 -0.018608632 -0.048185457
v -0.008199152 -0.019538436 -0.04831462
v -0.014178915 -0.016315805 -0.048439294
v -0.011279184 -0.0181464 -0.048594642
v -0.008066438 -0.019054737 -0.048768934
v 0.013768374 -0.007431759 -0.04872086
v 0.014960768 -0.004047478 -0.04859686
v 0.015023347 -0.00052354805 -0.048484657
v 0.01353322 -0.007320382 -0.049178354
v 0.014772523 -0.0039729113 -0.04903722
v 0.014797167 -0.0004717489 -0.048889205
v 0.013096935 -0.0070700315 -0.049580894
v 0.014357687 -0.0038213115 -0.049468547
v 0.014359356 -0.00038081929 -0.049298357
v -0.020144222 -0.02466381 0.01943607
v -0.015621201 -0.027033493 0.016871495
v -0.019202234 -0.025091473 0.016611693
v -0.0225899 -0.022499507 0.017482866
v -0.022555526 -0.022715442 0.020861791
v -0.021443132 -0.023094973 0.023568796
v -0.018425642 -0.025549602 0.02067847
v -0.027643193 -0.014442289 0.01967831
v -0.029057061 -0.009090679 0.020341452
v -0.029897721 -0.003195986 0.020765081
v -0.027256984 -0.014722763 0.023682727
v -0.028682219 -0.009319976 0.024532344
v -0.029486096 -0.00334408 0.025053486
v -0.02630906 -0.014928236 0.027349994
v -0.027788151 -0.009482267 0.02842648
v -0.02861938 -0.0034687659 0.029060751
v -0.029831843 0.009192124 0.021099083
v -0.028995238 0.015149158 0.021014275
v -0.027423076 0.020598821 0.020670539
v -0.029399889 0.009208833 0.02538649
v -0.028546285 0.015234398 0.02522273
v -0.026957426 0.020744286 0.024755483
v -0.028527541 0.0091485055 0.029393857
v -0.027661439 0.015201433 0.029153481
v -0.026070995 0.020737814 0.02856015
v -0.02156629 0.028963294 0.018949145
v -0.017550569 0.031636797 0.017612228
v -0.013335513 0.033324383 0.01609718
v -0.021111216 0.029206773 0.02268663
v -0.017133418 0.031922057 0.021128409
v -0.012983674 0.033657208 0.019352602
v -0.02032336 0.029254066 0.02608993
v -0.0164356 0.03198624 0.024249611
v -0.012369019 0.03371653 0.022128489
v -0.0039357734 0.033489153 0.014145069
v -0.006016756 0.033701837 0.012977127
v -0.003483617 0.032709178 0.011991536
v -0.0014706206 0.031450022 0.011913615
v -0.0029143125 0.033019807 0.014857624
v -0.00516622 0.034180507 0.017431458
v -0.005860991 0.034212872 0.0155610135
v 0.023124322 0.026359625 0.028398385
v 0.019850038 0.028420314 0.028291766
v 0.016279144 0.029810945 0.028151428
v 0.023325099 0.025288604 0.024781393
v 0.020260412 0.027222257 0.024534946
v 0.016906902 0.028541045 0.024284119
v 0.022939539 0.023514735 0.021748686
v 0.020147067 0.0251363 0.021286754
v 0.017042994 0.026301254 0.020927072
v 0.014048681 0.02249947 0.0430249
v 0.010753225 0.023948256 0.043607034
v 0.0070707332 0.025009084 0.04401838
v 0.01693542 0.024566062 0.039910264
v 0.013588643 0.026365526 0.040240467
v 0.0098712 0.027611488 0.040485125
v 0.019786287 0.025981339 0.0362504
v 0.016389543 0.027971849 0.036394857
v 0.012644793 0.029329494 0.036493283
v 0.01057597 0.007394226 0.048273034
v 0.00632155 0.0074332003 0.04961316
v 0.0021210988 0.007572361 0.050301783
v 0.010561058 0.012159928 0.047831994
v 0.0064943577 0.0123568885 0.04913533
v 0.00243104 0.012685717 0.049830068
v 0.010827253 0.016357584 0.04691641
v 0.007094047 0.016853305 0.048075553
v 0.0032233256 0.017418014 0.048729617
v 0.010868809 -0.01145306 0.04618328
v 0.0071341954 -0.012042684 0.047329802
v 0.0032619853 -0.012652644 0.04796693
v 0.010583756 -0.007389599 0.047299612
v 0.006514221 -0.0076877167 0.048593696
v 0.0024492792 -0.00806563 0.049276765
v 0.010585177 -0.0026911406 0.047991447
v 0.0063299597 -0.0028284723 0.04932988
v 0.0021283505 -0.0030148467 0.050013557
v 0.020078639 -0.019496 0.03568152
v 0.015656013 -0.021880368 0.036052667
v 0.011715497 -0.023325542 0.036018122
v 0.016372267 -0.019144967 0.039123934
v 0.013393616 -0.020661144 0.0393977
v 0.010089731 -0.021738615 0.039689805
v 0.014186059 -0.017042942 0.042100172
v 0.01089767 -0.018509885 0.042689424
v 0.007215009 -0.019589212 0.04311588
v 0.023590185 -0.016721481 0.0216444
v 0.021178214 -0.018548014 0.021553997
v 0.018214341 -0.020240862 0.021470847
v 0.024136713 -0.018395636 0.024543967
v 0.021637874 -0.020213457 0.0246
v 0.01872046 -0.021681719 0.024748828
v 0.024090203 -0.019340208 0.027893346
v 0.0218253 -0.020890426 0.028007425
v 0.018682035 -0.022242965 0.028215764
v 0.009949599 0.018590992 0.01483656
v 0.010891301 0.014237627 0.014184324
v 0.01126683 0.017292824 0.014829693
v 0.011555737 0.020852584 0.015993997
v 0.009621699 0.021310346 0.015631298
v 0.008512177 0.021027468 0.015229405
v 0.009506791 0.017439779 0.014399459
v 0.004221783 0.0054234476 -0.046812788
v 0.0036622956 0.008059851 -0.04683927
v 0.0030521005 0.01053876 -0.04697371
v 0.0021610393 0.0053609284 -0.046294373
v 0.0017434676 0.008078979 -0.046389215
v 0.001282482 0.010717895 -0.046619285
v -5.515119E-06 0.005334824 -0.04589296
v -0.00031737288 0.0081506055 -0.046022236
v -0.0006937788 0.010925036 -0.04631132
v -0.0046056844 0.0052902265 -0.045417294
v -0.0047427467 0.008192427 -0.045532648
v -0.004958983 0.011070998 -0.04581394
v -0.00700789 0.005262508 -0.04534053
v -0.0070559224 0.008125165 -0.045456402
v -0.0071795895 0.0108706625 -0.045762785
v -0.009481339 0.005262583 -0.045388214
v -0.009386493 0.008061014 -0.04558783
v -0.009319537 0.010581268 -0.04596527
v -0.0045810146 -0.005992228 -0.045977607
v -0.0044738934 -0.0032546401 -0.045697793
v -0.004456942 -0.00046237806 -0.04548516
v -0.007013343 -0.005928022 -0.045816682
v -0.0069291196 -0.0032452822 -0.045571063
v -0.006932687 -0.00047250616 -0.04540046
v -0.009299666 -0.005817184 -0.045740742
v -0.009339839 -0.0032531987 -0.045527715
v -0.009414801 -0.00049541675 -0.045401372
v 0.004846486 -0.004508198 -0.047165573
v 0.004932395 -0.0022780215 -0.04698233
v 0.0048426273 0.00017502568 -0.046918586
v 0.0027188063 -0.0050173 -0.046746418
v 0.0027538491 -0.0026111982 -0.046476282
v 0.0026711202 -4.6140114E-05 -0.04636207
v 0.00036447647 -0.005547915 -0.046403345
v 0.00041554248 -0.0029561517 -0.046112314
v 0.00039088062 -0.00027251316 -0.045925632
v 0.010775807 0.0064671724 -0.049389668
v 0.009111981 0.009760588 -0.049265537
v 0.007089386 0.012881417 -0.049098443
v 0.009559085 0.006151358 -0.04900284
v 0.008139895 0.009197559 -0.048901666
v 0.006390244 0.012031947 -0.048761506
v 0.0080003375 0.005820649 -0.048263416
v 0.0069083883 0.008621769 -0.048183832
v 0.0055399565 0.011185084 -0.0481101
v 0.0025523882 0.01790453 -0.048729837
v 0.0001505669 0.019623714 -0.04859258
v -0.0023311346 0.020768931 -0.048532244
v 0.002438599 0.01632358 -0.04840625
v 0.00028369308 0.017684976 -0.04825501
v -0.0019775368 0.018605651 -0.048174825
v 0.0024166042 0.014603117 -0.047832135
v 0.00051805854 0.01555813 -0.04764578
v -0.0015540821 0.016195167 -0.047487807
v -0.007461779 0.020741602 -0.048310295
v -0.009987306 0.019686243 -0.04817648
v -0.0123957 0.018132944 -0.048112303
v -0.006714035 0.018662568 -0.04804715
v -0.009057115 0.017744906 -0.04792438
v -0.011248379 0.016408259 -0.04787324
v -0.0059796316 0.016296914 -0.047303155
v -0.008189564 0.015583389 -0.047229923
v -0.01019417 0.014549618 -0.0471965
v -0.016134448 0.01287369 -0.04797808
v -0.017460315 0.009563484 -0.04795902
v -0.018431023 0.0059761605 -0.048007943
v -0.014528361 0.011879321 -0.04755735
v -0.015620443 0.008920941 -0.047390644
v -0.016474884 0.00569165 -0.047272984
v -0.012842088 0.011008657 -0.046924412
v -0.013637403 0.008397004 -0.046680175
v -0.01428255 0.005461689 -0.04641871
v -0.018643448 -0.0016780361 -0.04810105
v -0.017896067 -0.0054152827 -0.04813318
v -0.016635593 -0.008886653 -0.04822708
v -0.016719652 -0.0012455395 -0.047134753
v -0.016062979 -0.004628777 -0.047149863
v -0.014961169 -0.0077016884 -0.04724558
v -0.014426421 -0.0008632881 -0.04618756
v -0.013913921 -0.003920476 -0.046263188
v -0.013106388 -0.006612749 -0.04640076
v -0.012694364 -0.014192848 -0.048685946
v -0.010006444 -0.015767474 -0.048917767
v -0.0069188154 -0.016356125 -0.04911639
v -0.011421426 -0.012224508 -0.04755865
v -0.008904432 -0.013463849 -0.04775984
v -0.006038933 -0.013853181 -0.04800702
v -0.0102398945 -0.010074713 -0.046675354
v -0.007954474 -0.010917721 -0.04685385
v -0.005342728 -0.011206523 -0.047098063
v 0.011092977 -0.005936393 -0.049567465
v 0.012219575 -0.003101184 -0.049640294
v 0.012312606 -3.9967483E-05 -0.049524862
v 0.00971438 -0.0052153748 -0.049009822
v 0.010658929 -0.002646638 -0.04911152
v 0.010765871 0.00015008231 -0.04907412
v 0.008221743 -0.00458287 -0.048291847
v 0.008886278 -0.0022804746 -0.048343383
v 0.008942841 0.00028386066 -0.04834846
v 0.00013170089 -0.014658095 -0.049194966
v 0.003686222 -0.013191814 -0.049419146
v 0.0070638172 -0.011237943 -0.049669605
v 0.00020109629 -0.0126165515 -0.048456114
v 0.0033331828 -0.01141856 -0.048709873
v 0.0062208916 -0.0097916685 -0.048909124
v 0.00025231237 -0.010370418 -0.047618434
v 0.0029882384 -0.009410053 -0.04787283
v 0.0054030046 -0.008132177 -0.048073627
v 0.0010779754 -0.019280916 -0.03544386
v 0.00556041 -0.017353106 -0.035596736
v 0.00944227 -0.014511715 -0.03575244
v 0.0011266138 -0.018994529 -0.03836625
v 0.0054343315 -0.017074933 -0.0385422
v 0.009310349 -0.01443571 -0.03868447
v 0.0011284688 -0.018748896 -0.04114025
v 0.005358549 -0.0168574 -0.04131416
v 0.009210803 -0.01429542 -0.041464392
v -0.015637236 0.021937506 -0.028109295
v -0.012388975 0.02387903 -0.028193913
v -0.009030003 0.025172302 -0.028297197
v -0.01560606 0.021773402 -0.026815163
v -0.012383699 0.023698164 -0.026947998
v -0.009031888 0.02489192 -0.02712313
v -0.015481369 0.021475669 -0.026244732
v -0.012309612 0.023386689 -0.026391068
v -0.009011128 0.024570566 -0.026575318
v -9.430832E-05 -0.017226106 -0.026033936
v 0.003922393 -0.014881512 -0.026418397
v 0.007214352 -0.012502179 -0.02648428
v 2.1585598E-05 -0.017311323 -0.026071923
v 0.004065421 -0.014949881 -0.02642175
v 0.007428795 -0.012552663 -0.026475865
v 7.274332E-05 -0.017334959 -0.02622364
v 0.0041043763 -0.014956191 -0.026548494
v 0.007509879 -0.012561948 -0.026603634
v -0.022721894 0.007008027 -0.039110202
v -0.021667343 0.011476946 -0.03905586
v -0.02000364 0.015576129 -0.0390573
v -0.023248428 0.0071942676 -0.036065646
v -0.022155453 0.011734042 -0.036043216
v -0.020437129 0.015889129 -0.03606627
v -0.023365483 0.007251146 -0.032974225
v -0.02233184 0.011751936 -0.032860734
v -0.020668393 0.015927589 -0.032778565
v -0.019981327 -0.011087218 -0.039940592
v -0.021595169 -0.0068573914 -0.039580237
v -0.022615392 -0.0023263535 -0.039310567
v -0.020144204 -0.010806282 -0.03696191
v -0.021792443 -0.006639956 -0.03664098
v -0.022867844 -0.0021516224 -0.036347743
v -0.020225676 -0.010477288 -0.034023076
v -0.021894129 -0.0063753286 -0.03372197
v -0.02301086 -0.0019594787 -0.03340559
v -0.00790228 -0.019675229 -0.030276755
v -0.0117639685 -0.018549472 -0.029972238
v -0.015206173 -0.016467823 -0.029710384
v -0.007990008 -0.019530643 -0.028935721
v -0.011800273 -0.018374626 -0.02858873
v -0.015235838 -0.016299807 -0.028290309
v -0.008002487 -0.019259201 -0.028223125
v -0.011736055 -0.018117184 -0.027833566
v -0.015182788 -0.016104836 -0.027507912
v 0.012886544 -0.0064637326 -0.026649004
v 0.013728126 -0.003059062 -0.02679069
v 0.013727017 0.00024061577 -0.026769457
v 0.013160322 -0.006439689 -0.026676212
v 0.013997253 -0.0030094867 -0.026805103
v 0.013985511 0.0003355308 -0.02678439
v 0.013277753 -0.0064451774 -0.026837228
v 0.014114613 -0.0030038357 -0.02694948
v 0.0140930535 0.00036173966 -0.026922304
v 0.015686687 2.6334117E-05 -0.031342756
v 0.015768532 -0.0037998506 -0.031230725
v 0.014618511 -0.0073552523 -0.0312094
v 0.015399943 6.972009E-05 -0.030169403
v 0.015425881 -0.003653745 -0.03017968
v 0.014373979 -0.0071875076 -0.030182006
v 0.015069355 0.00011724966 -0.029565377
v 0.015089007 -0.0035192315 -0.029661104
v 0.01410896 -0.007031557 -0.029659001
v -0.009094453 0.023254681 -0.023225386
v -0.01225842 0.022156866 -0.023114631
v -0.01533377 0.020358954 -0.022966383
v -0.009116144 0.023545705 -0.023272932
v -0.012314836 0.022440696 -0.023137324
v -0.01542031 0.02063707 -0.023000304
v -0.009114044 0.023668116 -0.02343891
v -0.0123163955 0.022541508 -0.023314878
v -0.01543151 0.020737227 -0.023179187
v 0.009047842 -0.013935867 -0.03099641
v 0.0051071024 -0.016746432 -0.030753069
v 0.00069048256 -0.018750677 -0.030647276
v 0.008750436 -0.013595602 -0.029839154
v 0.004821524 -0.016248444 -0.029562479
v 0.00051086594 -0.018389264 -0.029396275
v 0.008451039 -0.013298538 -0.029250601
v 0.0045958417 -0.01585366 -0.028980954
v 0.00040539753 -0.01806204 -0.028810874
v -0.014797644 -0.0151165 -0.023970107
v -0.011380633 -0.016896656 -0.024497563
v -0.008072378 -0.017879108 -0.024816882
v -0.01488309 -0.015161727 -0.024055218
v -0.011416823 -0.016976457 -0.024553036
v -0.0080635175 -0.017975885 -0.02486805
v -0.014909606 -0.015203037 -0.024218464
v -0.011419662 -0.017015899 -0.02470119
v -0.008052217 -0.018025305 -0.025012659
v -0.020154057 -0.00939864 -0.025609579
v -0.021791358 -0.005566459 -0.02528667
v -0.022856431 -0.0013994543 -0.025050001
v -0.020138212 -0.009270326 -0.02500127
v -0.021746058 -0.005462841 -0.024678258
v -0.02279451 -0.0013317592 -0.024417691
v -0.020167354 -0.009168902 -0.02442741
v -0.021765681 -0.0053741867 -0.024104575
v -0.02279802 -0.0012691914 -0.023817115
v -0.02291673 0.0072268127 -0.024893468
v -0.021971613 0.011409828 -0.024919149
v -0.02032588 0.015296814 -0.025040098
v -0.022880754 0.0072097136 -0.024261246
v -0.021917483 0.011350374 -0.024260337
v -0.0202682 0.015210142 -0.024385476
v -0.02290372 0.007212801 -0.023645043
v -0.021918489 0.011322805 -0.023617264
v -0.020266457 0.015158353 -0.023743214
v 0.00014521857 -0.017362641 -0.026913917
v 0.0041326773 -0.015012414 -0.027149444
v 0.007620867 -0.012617303 -0.02725713
v 0.00019524504 -0.017440345 -0.02742268
v 0.004185715 -0.015121375 -0.027609542
v 0.0077577727 -0.012712352 -0.027764944
v 0.00025559004 -0.017584309 -0.027955094
v 0.00428707 -0.015309809 -0.028111987
v 0.007954429 -0.012860294 -0.028322931
v 0.013401786 -0.0065426934 -0.027621599
v 0.014223143 -0.0030856826 -0.027701735
v 0.014174676 0.00031385638 -0.027654834
v 0.013512846 -0.006639194 -0.0281953
v 0.014347402 -0.0031719373 -0.02825392
v 0.014298834 0.00027036172 -0.0281818
v 0.013671034 -0.0067600515 -0.028778896
v 0.014545243 -0.003283924 -0.02881664
v 0.014490928 0.00021866329 -0.02871519
v -0.014926226 -0.015379681 -0.025004625
v -0.01141465 -0.01717868 -0.025419498
v -0.008027647 -0.01820936 -0.025732638
v -0.0149732595 -0.0155424485 -0.025653776
v -0.011457452 -0.017359836 -0.026021956
v -0.008018924 -0.01841199 -0.026352754
v -0.015037591 -0.015726838 -0.026361631
v -0.011541938 -0.017598612 -0.026699461
v -0.008008556 -0.018682403 -0.027065735
v -0.009060967 0.023765877 -0.024305591
v -0.012248599 0.022613145 -0.024173886
v -0.0153577905 0.020793231 -0.024035271
v -0.009028416 0.023883777 -0.02495371
v -0.012217974 0.022714604 -0.024804968
v -0.015329379 0.020877216 -0.024663536
v -0.009005643 0.024064416 -0.025616122
v -0.012214254 0.022882698 -0.025445933
v -0.015336688 0.021026146 -0.025301442
v 0.002362631 0.021816125 -0.025398051
v -0.00032670473 0.023302162 -0.025027288
v -0.0029464304 0.024059404 -0.024729116
v 0.0024848806 0.021852098 -0.026030423
v -0.0002188652 0.023418048 -0.02567048
v -0.0028823905 0.024200497 -0.025380567
v 0.0026251657 0.021935768 -0.026662398
v -9.359232E-05 0.023590682 -0.0263258
v -0.002813897 0.024411632 -0.026046298
v 0.011765177 0.008057804 -0.027183384
v 0.009911157 0.01203071 -0.026764255
v 0.007733293 0.016016336 -0.026272621
v 0.011894413 0.008058436 -0.027672093
v 0.010000416 0.012039637 -0.027298708
v 0.0077834446 0.015967323 -0.02686023
v 0.01206098 0.008073712 -0.028167505
v 0.010149444 0.012080872 -0.027823437
v 0.00788706 0.015967304 -0.027435575
v -0.02015144 0.014774515 -0.022623701
v -0.021793917 0.011039491 -0.022509698
v -0.022819823 0.007010446 -0.022576433
v -0.020301808 0.015031347 -0.022685325
v -0.021964988 0.011252121 -0.022570284
v -0.022991788 0.007186552 -0.022631695
v -0.020332828 0.015123915 -0.022873495
v -0.021995569 0.011322423 -0.02275594
v -0.02301259 0.0072406153 -0.022812817
v -0.0025636228 0.025582904 -0.028619861
v 0.00038566746 0.024603892 -0.028949728
v 0.003248533 0.0226904 -0.029429425
v -0.0026433498 0.025277823 -0.027568314
v 0.00025333898 0.024367565 -0.027857266
v 0.0030624766 0.022507366 -0.028276997
v -0.0027024164 0.024954261 -0.027024258
v 0.00013798205 0.024079343 -0.02729896
v 0.0029007695 0.022275675 -0.027660675
v 0.01141495 0.007854415 -0.026232053
v 0.009573332 0.011712301 -0.025810478
v 0.007408714 0.01569156 -0.025221247
v 0.01159726 0.008023071 -0.026320338
v 0.009782879 0.01196245 -0.025815895
v 0.0076086866 0.015997335 -0.025235811
v 0.011631679 0.008062365 -0.02648272
v 0.009854093 0.012046038 -0.025980648
v 0.0076892255 0.01609626 -0.0254179
v 0.008791466 0.016397284 -0.030567046
v 0.01106701 0.012425774 -0.031123538
v 0.012931108 0.008285163 -0.03149314
v 0.008514337 0.016277008 -0.029293384
v 0.010793002 0.012331883 -0.029775614
v 0.012650483 0.0082040895 -0.03014076
v 0.008268998 0.016143499 -0.028500987
v 0.010549243 0.012230153 -0.028910095
v 0.012421001 0.008136798 -0.029261675
v -0.02341686 0.007349257 -0.028134866
v -0.022481635 0.011770393 -0.027916996
v -0.020947792 0.015929163 -0.02762733
v -0.023343103 0.007353872 -0.026707701
v -0.022419043 0.011714606 -0.026614413
v -0.020806648 0.01575553 -0.026558155
v -0.0231755 0.0073096603 -0.025935255
v -0.022249173 0.011603505 -0.025942508
v -0.02060812 0.015571154 -0.02600355
v -0.022699326 -0.0013303927 -0.022797775
v -0.021706237 -0.0053534056 -0.023118246
v -0.02010478 -0.009104708 -0.023433764
v -0.022871763 -0.0012275929 -0.022858936
v -0.021859784 -0.0052913707 -0.023182785
v -0.020241138 -0.009071384 -0.023512123
v -0.022892985 -0.0011987113 -0.023029776
v -0.021872962 -0.0052782376 -0.023349196
v -0.02026036 -0.009069624 -0.023678388
v -0.020504318 -0.010067969 -0.029049292
v -0.022276606 -0.00604758 -0.028670546
v -0.023426324 -0.0016997525 -0.028346617
v -0.020491846 -0.00989058 -0.027476013
v -0.022272158 -0.0059192455 -0.027091498
v -0.023384286 -0.0016074694 -0.02683368
v -0.020351334 -0.009702429 -0.026647625
v -0.022082407 -0.005789714 -0.026305139
v -0.02317534 -0.001531799 -0.026082534
v 0.0019832111 0.021373192 -0.02424946
v -0.0006166186 0.022757143 -0.023914624
v -0.0031297598 0.023487901 -0.023634037
v 0.002139469 0.021684371 -0.024340939
v -0.00049868925 0.023088204 -0.023983037
v -0.0030640133 0.023819614 -0.023681331
v 0.0022192663 0.0217995 -0.02452257
v -0.00044013132 0.02321574 -0.024157697
v -0.0030273248 0.023949118 -0.023855945
# 2034 vertices

# 0 vertex normals

usemtl MAmain
s 1
f 625//625 626//626 1673//1673 1676//1676
f 892//892 891//891 889//889 893//893
f 1072//1072 1073//1073 197//197 198//198
f 896//896 897//897 299//299 298//298
f 1019//1019 298//298 299//299 1020//1020
f 17//17 199//199 922//922 208//208
f 1118//1118 1117//1117 257//257 258//258
f 1670//1670 1673//1673 626//626 627//627
f 199//199 200//200 919//919 922//922
f 900//900 901//901 898//898 897//897
f 1021//1021 1020//1020 299//299 300//300
f 1178//1178 1179//1179 314//314 315//315
f 894//894 895//895 200//200 199//199
f 304//304 305//305 1243//1243 1244//1244
f 894//894 893//893 889//889 895//895
f 1019//1019 328//328 32//32 298//298
f 626//626 625//625 890//890 891//891
f 84//84 201//201 890//890 625//625
f 895//895 890//890 201//201 200//200
f 892//892 196//196 7//7 627//627
f 1221//1221 1222//1222 367//367 368//368
f 892//892 893//893 197//197 196//196
f 891//891 892//892 627//627 626//626
f 894//894 199//199 17//17 198//198
f 893//893 894//894 198//198 197//197
f 1137//1137 307//307 12//12 157//157
f 900//900 899//899 902//902 903//903
f 897//897 898//898 300//300 299//299
f 310//310 311//311 1142//1142 1141//1141
f 33//33 304//304 1244//1244 378//378
f 162//162 12//12 583//583 1583//1583
f 1180//1180 346//346 35//35 313//313
f 305//305 306//306 1242//1242 1243//1243
f 1298//1298 412//412 8//8 136//136
f 901//901 900//900 903//903 904//904
f 899//899 896//896 315//315 314//314
f 1147//1147 1146//1146 1144//1144 1148//1148
f 899//899 900//900 897//897 896//896
f 904//904 903//903 311//311 310//310
f 902//902 899//899 314//314 313//313
f 1243//1243 1242//1242 1245//1245 1246//1246
f 902//902 312//312 311//311 903//903
f 1149//1149 1148//1148 1144//1144 1150//1150
f 311//311 312//312 1143//1143 1142//1142
f 162//162 905//905 157//157 12//12
f 896//896 298//298 32//32 315//315
f 136//136 137//137 1297//1297 1298//1298
f 1179//1179 1180//1180 313//313 314//314
f 898//898 304//304 33//33 300//300
f 47//47 388//388 1313//1313 424//424
f 305//305 304//304 898//898 901//901
f 306//306 305//305 901//901 904//904
f 34//34 306//306 904//904 310//310
f 905//905 906//906 158//158 157//157
f 161//161 162//162 1583//1583 1584//1584
f 1226//1226 1227//1227 371//371 372//372
f 902//902 313//313 35//35 312//312
f 1184//1184 1185//1185 1182//1182 1181//1181
f 1136//1136 1137//1137 157//157 158//158
f 424//424 425//425 1376//1376 1377//1377
f 906//906 907//907 159//159 158//158
f 127//127 128//128 933//933 934//934
f 1664//1664 1667//1667 622//622 623//623
f 1//1 127//127 934//934 139//139
f 1585//1585 160//160 161//161 1584//1584
f 1135//1135 1136//1136 158//158 159//159
f 1595//1595 207//207 76//76 586//586
f 909//909 910//910 907//907 906//906
f 920//920 921//921 918//918 917//917
f 412//412 413//413 1320//1320 1315//1315
f 137//137 138//138 1296//1296 1297//1297
f 910//910 909//909 912//912 913//913
f 908//908 905//905 162//162 161//161
f 165//165 932//932 129//129 9//9
f 1301//1301 1300//1300 1303//1303 1304//1304
f 925//925 609//609 83//83 621//621
f 138//138 1//1 415//415 1296//1296
f 913//913 912//912 128//128 127//127
f 911//911 908//908 161//161 160//160
f 421//421 422//422 1367//1367 1368//1368
f 914//914 915//915 623//623 622//622
f 911//911 129//129 128//128 912//912
f 138//138 913//913 127//127 1//1
f 128//128 129//129 932//932 933//933
f 1293//1293 1294//1294 1291//1291 1290//1290
f 954//954 955//955 952//952 951//951
f 83//83 609//609 914//914 622//622
f 1661//1661 1664//1664 623//623 624//624
f 1211//1211 1206//1206 295//295 296//296
f 1289//1289 415//415 1//1 139//139
f 9//9 160//160 1585//1585 205//205
f 159//159 907//907 136//136 8//8
f 137//137 136//136 907//907 910//910
f 138//138 137//137 910//910 913//913
f 933//933 932//932 935//935 936//936
f 911//911 160//160 9//9 129//129
f 400//400 401//401 1281//1281 1278//1278
f 1592//1592 1589//1589 205//205 206//206
f 925//925 928//928 608//608 609//609
f 618//618 952//952 225//225 82//82
f 915//915 916//916 624//624 623//623
f 208//208 209//209 1081//1081 1080//1080
f 1680//1680 1679//1679 1677//1677 1681//1681
f 918//918 919//919 916//916 915//915
f 607//607 608//608 928//928 931//931
f 919//919 918//918 921//921 922//922
f 928//928 927//927 930//930 931//931
f 573//573 1082//1082 210//210 19//19
f 1675//1675 1674//1674 610//610 611//611
f 915//915 914//914 917//917 918//918
f 920//920 210//210 209//209 921//921
f 922//922 921//921 209//209 208//208
f 1596//1596 1595//1595 586//586 587//587
f 1087//1087 1088//1088 1085//1085 1084//1084
f 1653//1653 1654//1654 1651//1651 1650//1650
f 923//923 924//924 620//620 619//619
f 1670//1670 1669//1669 1672//1672 1673//1673
f 209//209 210//210 1082//1082 1081//1081
f 920//920 607//607 19//19 210//210
f 607//607 931//931 220//220 19//19
f 608//608 607//607 920//920 917//917
f 19//19 220//220 1089//1089 573//573
f 917//917 914//914 609//609 608//608
f 224//224 225//225 952//952 955//955
f 936//936 935//935 938//938 939//939
f 924//924 925//925 621//621 620//620
f 1655//1655 1658//1658 619//619 620//620
f 1655//1655 1654//1654 1657//1657 1658//1658
f 927//927 928//928 925//925 924//924
f 223//223 224//224 955//955 958//958
f 576//576 1091//1091 222//222 21//21
f 927//927 926//926 929//929 930//930
f 954//954 953//953 956//956 957//957
f 220//220 221//221 1090//1090 1089//1089
f 931//931 930//930 221//221 220//220
f 1652//1652 1655//1655 620//620 621//621
f 929//929 222//222 221//221 930//930
f 1605//1605 1604//1604 589//589 590//590
f 1096//1096 1097//1097 1094//1094 1093//1093
f 942//942 941//941 944//944 945//945
f 923//923 619//619 82//82 225//225
f 924//924 923//923 926//926 927//927
f 221//221 222//222 1091//1091 1090//1090
f 929//929 223//223 21//21 222//222
f 1637//1637 1640//1640 613//613 614//614
f 224//224 223//223 929//929 926//926
f 633//633 994//994 249//249 80//80
f 972//972 971//971 974//974 975//975
f 225//225 224//224 926//926 923//923
f 163//163 164//164 1590//1590 1591//1591
f 143//143 144//144 1278//1278 1279//1279
f 167//167 168//168 941//941 942//942
f 142//142 143//143 1279//1279 1280//1280
f 945//945 946//946 943//943 942//942
f 1592//1592 1593//1593 1590//1590 1589//1589
f 937//937 936//936 939//939 940//940
f 2//2 130//130 970//970 145//145
f 935//935 932//932 165//165 164//164
f 171//171 941//941 168//168 13//13
f 1292//1292 1291//1291 1294//1294 1295//1295
f 171//171 13//13 217//217 1598//1598
f 1666//1666 1665//1665 211//211 212//212
f 940//940 939//939 167//167 166//166
f 938//938 935//935 164//164 163//163
f 939//939 938//938 168//168 167//167
f 10//10 142//142 1280//1280 406//406
f 1646//1646 1649//1649 616//616 617//617
f 168//168 938//938 163//163 13//13
f 170//170 171//171 1598//1598 1599//1599
f 145//145 146//146 1270//1270 1271//1271
f 140//140 139//139 934//934 937//937
f 141//141 140//140 937//937 940//940
f 10//10 141//141 940//940 166//166
f 423//423 1302//1302 417//417 51//51
f 1594//1594 1593//1593 1596//1596 1597//1597
f 140//140 141//141 1287//1287 1288//1288
f 169//169 170//170 1599//1599 1600//1600
f 130//130 131//131 969//969 970//970
f 1271//1271 400//400 2//2 145//145
f 406//406 407//407 1290//1290 1287//1287
f 1613//1613 231//231 78//78 592//592
f 946//946 945//945 948//948 949//949
f 944//944 941//941 171//171 170//170
f 174//174 968//968 132//132 11//11
f 1283//1283 1282//1282 1285//1285 1286//1286
f 144//144 2//2 400//400 1278//1278
f 949//949 948//948 131//131 130//130
f 947//947 944//944 170//170 169//169
f 420//420 1293//1293 408//408 50//50
f 950//950 951//951 617//617 616//616
f 947//947 132//132 131//131 948//948
f 149//149 150//150 1260//1260 1261//1261
f 144//144 949//949 130//130 2//2
f 1650//1650 1651//1651 212//212 211//211
f 131//131 132//132 968//968 969//969
f 1275//1275 1276//1276 1273//1273 1272//1272
f 990//990 991//991 988//988 987//987
f 1643//1643 1646//1646 617//617 618//618
f 142//142 10//10 166//166 943//943
f 143//143 142//142 943//943 946//946
f 144//144 143//143 946//946 949//949
f 969//969 968//968 971//971 972//972
f 947//947 169//169 11//11 132//132
f 391//391 392//392 1322//1322 1323//1323
f 634//634 1680//1680 630//630 85//85
f 1604//1604 1605//1605 1602//1602 1601//1601
f 602//602 603//603 961//961 964//964
f 951//951 952//952 618//618 617//617
f 1657//1657 1656//1656 604//604 605//605
f 21//21 232//232 1098//1098 576//576
f 81//81 603//603 950//950 616//616
f 601//601 602//602 964//964 967//967
f 579//579 1100//1100 234//234 23//23
f 964//964 963//963 966//966 967//967
f 232//232 233//233 1099//1099 1098//1098
f 958//958 957//957 233//233 232//232
f 953//953 954//954 951//951 950//950
f 959//959 960//960 614//614 613//613
f 956//956 234//234 233//233 957//957
f 1614//1614 1613//1613 592//592 593//593
f 1105//1105 1106//1106 1103//1103 1102//1102
f 619//619 1658//1658 606//606 82//82
f 1665//1665 216//216 20//20 211//211
f 233//233 234//234 1100//1100 1099//1099
f 956//956 601//601 23//23 234//234
f 601//601 967//967 244//244 23//23
f 602//602 601//601 956//956 953//953
f 229//229 1607//1607 174//174 11//11
f 972//972 973//973 970//970 969//969
f 603//603 602//602 953//953 950//950
f 248//248 249//249 994//994 993//993
f 23//23 244//244 1107//1107 579//579
f 960//960 961//961 615//615 614//614
f 80//80 249//249 959//959 613//613
f 963//963 964//964 961//961 960//960
f 247//247 248//248 993//993 992//992
f 1636//1636 1637//1637 1634//1634 1633//1633
f 582//582 1109//1109 246//246 25//25
f 963//963 962//962 965//965 966//966
f 29//29 271//271 1024//1024 277//277
f 244//244 245//245 1108//1108 1107//1107
f 967//967 966//966 245//245 244//244
f 960//960 959//959 962//962 963//963
f 965//965 246//246 245//245 966//966
f 1620//1620 1621//1621 595//595 596//596
f 1114//1114 1115//1115 1112//1112 1111//1111
f 245//245 246//246 1109//1109 1108//1108
f 1113//1113 1114//1114 1111//1111 1110//1110
f 965//965 247//247 25//25 246//246
f 248//248 247//247 965//965 962//962
f 999//999 1000//1000 997//997 996//996
f 249//249 248//248 962//962 959//959
f 1634//1634 1637//1637 614//614 615//615
f 1631//1631 1630//1630 260//260 261//261
f 180//180 14//14 241//241 1617//1617
f 978//978 977//977 980//980 981//981
f 176//176 177//177 977//977 978//978
f 148//148 149//149 1261//1261 1262//1262
f 981//981 982//982 979//979 978//978
f 146//146 147//147 1269//1269 1270//1270
f 973//973 972//972 975//975 976//976
f 3//3 133//133 1006//1006 151//151
f 971//971 968//968 174//174 173//173
f 180//180 977//977 177//177 14//14
f 1274//1274 1273//1273 1276//1276 1277//1277
f 172//172 173//173 1608//1608 1609//1609
f 976//976 975//975 176//176 175//175
f 974//974 971//971 173//173 172//172
f 975//975 974//974 177//177 176//176
f 613//613 1640//1640 600//600 80//80
f 4//4 148//148 1262//1262 394//394
f 1681//1681 1682//1682 628//628 629//629
f 177//177 974//974 172//172 14//14
f 179//179 180//180 1617//1617 1618//1618
f 151//151 152//152 1252//1252 1253//1253
f 146//146 145//145 970//970 973//973
f 147//147 146//146 973//973 976//976
f 4//4 147//147 976//976 175//175
f 1157//1157 322//322 323//323 1158//1158
f 411//411 1284//1284 402//402 49//49
f 1612//1612 1611//1611 1614//1614 1615//1615
f 1619//1619 178//178 179//179 1618//1618
f 1216//1216 1217//1217 364//364 365//365
f 133//133 134//134 1005//1005 1006//1006
f 631//631 632//632 1628//1628 1631//1631
f 394//394 395//395 1272//1272 1269//1269
f 982//982 981//981 984//984 985//985
f 980//980 977//977 180//180 179//179
f 183//183 1004//1004 135//135 5//5
f 1265//1265 1264//1264 1267//1267 1268//1268
f 150//150 3//3 385//385 1260//1260
f 985//985 984//984 134//134 133//133
f 983//983 980//980 179//179 178//178
f 405//405 1275//1275 396//396 48//48
f 983//983 135//135 134//134 984//984
f 1174//1174 1177//1177 328//328 329//329
f 150//150 985//985 133//133 3//3
f 717//717 1713//1713 681//681 95//95
f 134//134 135//135 1004//1004 1005//1005
f 1680//1680 1681//1681 629//629 630//630
f 148//148 4//4 175//175 979//979
f 149//149 148//148 979//979 982//982
f 150//150 149//149 982//982 985//985
f 986//986 987//987 629//629 628//628
f 1007//1007 1008//1008 1005//1005 1004//1004
f 983//983 178//178 5//5 135//135
f 1302//1302 1303//1303 1300//1300 1299//1299
f 634//634 635//635 1679//1679 1680//1680
f 990//990 989//989 992//992 993//993
f 1648//1648 1647//1647 235//235 236//236
f 1031//1031 1032//1032 275//275 276//276
f 1116//1116 582//582 25//25 256//256
f 1632//1632 1633//1633 236//236 235//235
f 632//632 633//633 1625//1625 1628//1628
f 991//991 990//990 993//993 994//994
f 989//989 986//986 258//258 257//257
f 989//989 990//990 987//987 986//986
f 28//28 259//259 1629//1629 264//264
f 992//992 989//989 257//257 256//256
f 27//27 258//258 986//986 628//628
f 1117//1117 1116//1116 256//256 257//257
f 987//987 988//988 630//630 629//629
f 988//988 631//631 85//85 630//630
f 632//632 631//631 988//988 991//991
f 633//633 632//632 991//991 994//994
f 995//995 996//996 260//260 259//259
f 631//631 1631//1631 261//261 85//85
f 999//999 998//998 1001//1001 1002//1002
f 996//996 997//997 261//261 260//260
f 271//271 272//272 1023//1023 1024//1024
f 1033//1033 283//283 30//30 274//274
f 635//635 636//636 1678//1678 1679//1679
f 1008//1008 1009//1009 1006//1006 1005//1005
f 998//998 995//995 276//276 275//275
f 1000//1000 999//999 1002//1002 1003//1003
f 1251//1251 153//153 6//6 390//390
f 282//282 1022//1022 273//273 30//30
f 1679//1679 1678//1678 1683//1683 1677//1677
f 1001//1001 998//998 275//275 274//274
f 1003//1003 1002//1002 272//272 271//271
f 998//998 999//999 996//996 995//995
f 1001//1001 273//273 272//272 1002//1002
f 636//636 1003//1003 271//271 29//29
f 272//272 273//273 1022//1022 1023//1023
f 995//995 259//259 28//28 276//276
f 1121//1121 265//265 15//15 181//181
f 1032//1032 1033//1033 274//274 275//275
f 997//997 634//634 85//85 261//261
f 1640//1640 1639//1639 599//599 600//600
f 635//635 634//634 997//997 1000//1000
f 636//636 635//635 1000//1000 1003//1003
f 665//665 666//666 1776//1776 1779//1779
f 1253//1253 385//385 3//3 151//151
f 1120//1120 1121//1121 181//181 182//182
f 1023//1023 1022//1022 1025//1025 1026//1026
f 1001//1001 274//274 30//30 273//273
f 1041//1041 1040//1040 1043//1043 1044//1044
f 1626//1626 1623//1623 262//262 263//263
f 278//278 279//279 1131//1131 1132//1132
f 325//325 326//326 1237//1237 1238//1238
f 327//327 33//33 378//378 1236//1236
f 1008//1008 1007//1007 1010//1010 1011//1011
f 152//152 153//153 1251//1251 1252//1252
f 1009//1009 1008//1008 1011//1011 1012//1012
f 1007//1007 1004//1004 183//183 182//182
f 321//321 1151//1151 186//186 15//15
f 389//389 390//390 1307//1307 1310//1310
f 185//185 186//186 1151//1151 1152//1152
f 6//6 184//184 1153//1153 316//316
f 1012//1012 1011//1011 185//185 184//184
f 1010//1010 1007//1007 182//182 181//181
f 1254//1254 1255//1255 1252//1252 1251//1251
f 1011//1011 1010//1010 186//186 185//185
f 1206//1206 189//189 7//7 295//295
f 1017//1017 1016//1016 1019//1019 1020//1020
f 186//186 1010//1010 181//181 15//15
f 1159//1159 1158//1158 323//323 324//324
f 330//330 1013//1013 322//322 37//37
f 152//152 151//151 1006//1006 1009//1009
f 153//153 152//152 1009//1009 1012//1012
f 6//6 153//153 1012//1012 184//184
f 1013//1013 1014//1014 323//323 322//322
f 1171//1171 1174//1174 329//329 330//330
f 317//317 318//318 1305//1305 1306//1306
f 597//597 1112//1112 253//253 5//5
f 1014//1014 1015//1015 324//324 323//323
f 1026//1026 1025//1025 1028//1028 1029//1029
f 1238//1238 373//373 36//36 325//325
f 1197//1197 1196//1196 1199//1199 1200//1200
f 1177//1177 340//340 32//32 328//328
f 1017//1017 1018//1018 1015//1015 1014//1014
f 326//326 327//327 1236//1236 1237//1237
f 1024//1024 1023//1023 1026//1026 1027//1027
f 1016//1016 1013//1013 330//330 329//329
f 1018//1018 1017//1017 1020//1020 1021//1021
f 1019//1019 1016//1016 329//329 328//328
f 282//282 30//30 283//283 1040//1040
f 1014//1014 1013//1013 1016//1016 1017//1017
f 1015//1015 325//325 36//36 324//324
f 326//326 325//325 1015//1015 1018//1018
f 1238//1238 1237//1237 1235//1235 1239//1239
f 327//327 326//326 1018//1018 1021//1021
f 350//350 351//351 1232//1232 1229//1229
f 1179//1179 1178//1178 1181//1181 1182//1182
f 1201//1201 1200//1200 1203//1203 1204//1204
f 1027//1027 1026//1026 1029//1029 1030//1030
f 277//277 278//278 1132//1132 1133//1133
f 1025//1025 1022//1022 282//282 281//281
f 192//192 16//16 202//202 1668//1668
f 1139//1139 1138//1138 1141//1141 1142//1142
f 1028//1028 1025//1025 281//281 280//280
f 1030//1030 1029//1029 191//191 190//190
f 1028//1028 192//192 191//191 1029//1029
f 279//279 1030//1030 190//190 7//7
f 278//278 277//277 1024//1024 1027//1027
f 279//279 278//278 1027//1027 1030//1030
f 1674//1674 204//204 18//18 610//610
f 1034//1034 1035//1035 1032//1032 1031//1031
f 1629//1629 1626//1626 263//263 264//264
f 191//191 192//192 1668//1668 1669//1669
f 1028//1028 280//280 16//16 192//192
f 1044//1044 1045//1045 1042//1042 1041//1041
f 202//202 203//203 1671//1671 1668//1668
f 1035//1035 1034//1034 1037//1037 1038//1038
f 287//287 288//288 1058//1058 1059//1059
f 1031//1031 276//276 28//28 264//264
f 283//283 284//284 1043//1043 1040//1040
f 284//284 285//285 1046//1046 1043//1043
f 1034//1034 1031//1031 264//264 263//263
f 1036//1036 1035//1035 1038//1038 1039//1039
f 31//31 286//286 1060//1060 294//294
f 1039//1039 1038//1038 287//287 286//286
f 1037//1037 1034//1034 263//263 262//262
f 290//290 291//291 1049//1049 1050//1050
f 1053//1053 1052//1052 1055//1055 1056//1056
f 616//616 1649//1649 237//237 81//81
f 1038//1038 1037//1037 288//288 287//287
f 1059//1059 1058//1058 1061//1061 1062//1062
f 288//288 1037//1037 262//262 26//26
f 289//289 290//290 1050//1050 1051//1051
f 284//284 283//283 1033//1033 1036//1036
f 1045//1045 1044//1044 1047//1047 1048//1048
f 285//285 284//284 1036//1036 1039//1039
f 31//31 285//285 1039//1039 286//286
f 203//203 204//204 1674//1674 1671//1671
f 215//215 216//216 1665//1665 1662//1662
f 1134//1134 1128//1128 1130//1130 1129//1129
f 266//266 267//267 1133//1133 1134//1134
f 1669//1669 1668//1668 1671//1671 1672//1672
f 1053//1053 1054//1054 1051//1051 1050//1050
f 1060//1060 1059//1059 1062//1062 1063//1063
f 214//214 215//215 1662//1662 1659//1659
f 1676//1676 1675//1675 611//611 612//612
f 1047//1047 1046//1046 291//291 290//290
f 1048//1048 1047//1047 290//290 289//289
f 18//18 214//214 1659//1659 610//610
f 1601//1601 1602//1602 1599//1599 1598//1598
f 1060//1060 1063//1063 293//293 294//294
f 202//202 16//16 280//280 1042//1042
f 203//203 202//202 1042//1042 1045//1045
f 204//204 203//203 1045//1045 1048//1048
f 18//18 204//204 1048//1048 289//289
f 1063//1063 1066//1066 292//292 293//293
f 1050//1050 1049//1049 1052//1052 1053//1053
f 226//226 227//227 1653//1653 1650//1650
f 1635//1635 1632//1632 250//250 251//251
f 1664//1664 1663//1663 1666//1666 1667//1667
f 1052//1052 1049//1049 294//294 293//293
f 1054//1054 1053//1053 1056//1056 1057//1057
f 1638//1638 1635//1635 251//251 252//252
f 76//76 571//571 1083//1083 586//586
f 604//604 1656//1656 228//228 22//22
f 1667//1667 1666//1666 212//212 213//213
f 1057//1057 1056//1056 227//227 226//226
f 1055//1055 1052//1052 293//293 292//292
f 1055//1055 228//228 227//227 1056//1056
f 1658//1658 1657//1657 605//605 606//606
f 196//196 1068//1068 154//154 7//7
f 214//214 18//18 289//289 1051//1051
f 215//215 214//214 1051//1051 1054//1054
f 216//216 215//215 1054//1054 1057//1057
f 20//20 216//216 1057//1057 226//226
f 227//227 228//228 1656//1656 1653//1653
f 1055//1055 292//292 22//22 228//228
f 1611//1611 1612//1612 1609//1609 1608//1608
f 292//292 1066//1066 238//238 22//22
f 1168//1168 331//331 7//7 154//154
f 22//22 238//238 1641//1641 604//604
f 1063//1063 1062//1062 1065//1065 1066//1066
f 26//26 252//252 1058//1058 288//288
f 1062//1062 1061//1061 1064//1064 1065//1065
f 252//252 251//251 1061//1061 1058//1058
f 238//238 239//239 1644//1644 1641//1641
f 1066//1066 1065//1065 239//239 238//238
f 251//251 250//250 1064//1064 1061//1061
f 239//239 240//240 1647//1647 1644//1644
f 1064//1064 240//240 239//239 1065//1065
f 1068//1068 1069//1069 155//155 154//154
f 1123//1123 1124//1124 1121//1121 1120//1120
f 1064//1064 250//250 24//24 240//240
f 1116//1116 1117//1117 1114//1114 1113//1113
f 1070//1070 1069//1069 1067//1067 1071//1071
f 1072//1072 1071//1071 1067//1067 1073//1073
f 1078//1078 1079//1079 1076//1076 1075//1075
f 1070//1070 1071//1071 368//368 367//367
f 1162//1162 1165//1165 155//155 156//156
f 1588//1588 1583//1583 583//583 584//584
f 1074//1074 1075//1075 584//584 583//583
f 12//12 195//195 1074//1074 583//583
f 571//571 572//572 1086//1086 1083//1083
f 43//43 156//156 1070//1070 367//367
f 1077//1077 1078//1078 1075//1075 1074//1074
f 194//194 195//195 1224//1224 1225//1225
f 307//307 308//308 1188//1188 1189//1189
f 303//303 1135//1135 159//159 8//8
f 1069//1069 1070//1070 156//156 155//155
f 1071//1071 1072//1072 369//369 368//368
f 77//77 574//574 1092//1092 589//589
f 585//585 1076//1076 571//571 76//76
f 78//78 577//577 1101//1101 592//592
f 1077//1077 1074//1074 195//195 194//194
f 1079//1079 1078//1078 1081//1081 1082//1082
f 572//572 573//573 1089//1089 1086//1086
f 1080//1080 1077//1077 194//194 193//193
f 1621//1621 1620//1620 1616//1616 1622//1622
f 1083//1083 1084//1084 587//587 586//586
f 208//208 1080//1080 193//193 17//17
f 1095//1095 1096//1096 1093//1093 1092//1092
f 1069//1069 1068//1068 1073//1073 1067//1067
f 1593//1593 1594//1594 1591//1591 1590//1590
f 1075//1075 1076//1076 585//585 584//584
f 1078//1078 1077//1077 1080//1080 1081//1081
f 17//17 193//193 1220//1220 369//369
f 193//193 194//194 1225//1225 1220//1220
f 572//572 571//571 1076//1076 1079//1079
f 1088//1088 1087//1087 1090//1090 1091//1091
f 573//573 572//572 1079//1079 1082//1082
f 1606//1606 1605//1605 590//590 591//591
f 1595//1595 1596//1596 1593//1593 1592//1592
f 1224//1224 1223//1223 1219//1219 1225//1225
f 369//369 1072//1072 198//198 17//17
f 1084//1084 1085//1085 588//588 587//587
f 1089//1089 1090//1090 1087//1087 1086//1086
f 588//588 1085//1085 574//574 77//77
f 79//79 580//580 1110//1110 595//595
f 577//577 578//578 1104//1104 1101//1101
f 1092//1092 1093//1093 590//590 589//589
f 1104//1104 1105//1105 1102//1102 1101//1101
f 575//575 576//576 1098//1098 1095//1095
f 575//575 574//574 1085//1085 1088//1088
f 1097//1097 1096//1096 1099//1099 1100//1100
f 576//576 575//575 1088//1088 1091//1091
f 1615//1615 1614//1614 593//593 594//594
f 1093//1093 1094//1094 591//591 590//590
f 1098//1098 1099//1099 1096//1096 1095//1095
f 591//591 1094//1094 577//577 78//78
f 580//580 581//581 1113//1113 1110//1110
f 1101//1101 1102//1102 593//593 592//592
f 1120//1120 1119//1119 1122//1122 1123//1123
f 578//578 579//579 1107//1107 1104//1104
f 578//578 577//577 1094//1094 1097//1097
f 1106//1106 1105//1105 1108//1108 1109//1109
f 579//579 578//578 1097//1097 1100//1100
f 1619//1619 1620//1620 596//596 597//597
f 1613//1613 1614//1614 1611//1611 1610//1610
f 1638//1638 598//598 599//599 1639//1639
f 1102//1102 1103//1103 594//594 593//593
f 1107//1107 1108//1108 1105//1105 1104//1104
f 594//594 1103//1103 580//580 79//79
f 253//253 254//254 1122//1122 1119//1119
f 1595//1595 1592//1592 206//206 207//207
f 581//581 582//582 1116//1116 1113//1113
f 1125//1125 255//255 27//27 270//270
f 581//581 580//580 1103//1103 1106//1106
f 1115//1115 1114//1114 1117//1117 1118//1118
f 582//582 581//581 1106//1106 1109//1109
f 1110//1110 1111//1111 596//596 595//595
f 1111//1111 1112//1112 597//597 596//596
f 15//15 187//187 1208//1208 321//321
f 265//265 266//266 1134//1134 1129//1129
f 268//268 269//269 1683//1683 1678//1678
f 1645//1645 1646//1646 1643//1643 1642//1642
f 1124//1124 1123//1123 1126//1126 1127//1127
f 254//254 253//253 1112//1112 1115//1115
f 277//277 1133//1133 267//267 29//29
f 255//255 254//254 1115//1115 1118//1118
f 27//27 255//255 1118//1118 258//258
f 253//253 1119//1119 183//183 5//5
f 412//412 1315//1315 303//303 8//8
f 1129//1129 1130//1130 188//188 187//187
f 29//29 268//268 1678//1678 636//636
f 1136//1136 1135//1135 1138//1138 1139//1139
f 1206//1206 1207//1207 188//188 189//189
f 1126//1126 1125//1125 270//270 269//269
f 1127//1127 1126//1126 269//269 268//268
f 1207//1207 1208//1208 187//187 188//188
f 1133//1133 1132//1132 1128//1128 1134//1134
f 1744//1744 672//672 96//96 685//685
f 265//265 1129//1129 187//187 15//15
f 316//316 317//317 1306//1306 1307//1307
f 266//266 265//265 1121//1121 1124//1124
f 267//267 266//266 1124//1124 1127//1127
f 1041//1041 1042//1042 280//280 281//281
f 29//29 267//267 1127//1127 268//268
f 269//269 270//270 1682//1682 1683//1683
f 1739//1739 1738//1738 1741//1741 1742//1742
f 291//291 1046//1046 285//285 31//31
f 1046//1046 1047//1047 1044//1044 1043//1043
f 34//34 301//301 1317//1317 381//381
f 1227//1227 1228//1228 370//370 371//371
f 309//309 35//35 346//346 1187//1187
f 12//12 307//307 1189//1189 334//334
f 1131//1131 1130//1130 1128//1128 1132//1132
f 1217//1217 1216//1216 1212//1212 1218//1218
f 7//7 189//189 1131//1131 279//279
f 1726//1726 667//667 668//668 1727//1727
f 1130//1130 1131//1131 189//189 188//188
f 661//661 662//662 1732//1732 1729//1729
f 334//334 335//335 1218//1218 1213//1213
f 1139//1139 1140//1140 1137//1137 1136//1136
f 1307//1307 390//390 6//6 316//316
f 308//308 309//309 1187//1187 1188//1188
f 1140//1140 1139//1139 1142//1142 1143//1143
f 1138//1138 1135//1135 303//303 302//302
f 1192//1192 1191//1191 1194//1194 1195//1195
f 1317//1317 301//301 302//302 1316//1316
f 1160//1160 364//364 39//39 337//337
f 1141//1141 1138//1138 302//302 301//301
f 1150//1150 1144//1144 1146//1146 1145//1145
f 310//310 1141//1141 301//301 34//34
f 906//906 905//905 908//908 909//909
f 354//354 1145//1145 337//337 39//39
f 308//308 307//307 1137//1137 1140//1140
f 309//309 308//308 1140//1140 1143//1143
f 35//35 309//309 1143//1143 312//312
f 1163//1163 1160//1160 337//337 338//338
f 1155//1155 1156//1156 1153//1153 1152//1152
f 318//318 36//36 373//373 1305//1305
f 1325//1325 1324//1324 1327//1327 1328//1328
f 1253//1253 1252//1252 1255//1255 1256//1256
f 332//332 333//333 1202//1202 1199//1199
f 1166//1166 1163//1163 338//338 339//339
f 1155//1155 1154//1154 1157//1157 1158//1158
f 1149//1149 1150//1150 353//353 352//352
f 1147//1147 1148//1148 371//371 370//370
f 1145//1145 1146//1146 338//338 337//337
f 1150//1150 1145//1145 354//354 353//353
f 38//38 339//339 1147//1147 370//370
f 346//346 347//347 1190//1190 1187//1187
f 1146//1146 1147//1147 339//339 338//338
f 1182//1182 1183//1183 1180//1180 1179//1179
f 1149//1149 352//352 41//41 372//372
f 1148//1148 1149//1149 372//372 371//371
f 1209//1209 1210//1210 319//319 320//320
f 1156//1156 1155//1155 1158//1158 1159//1159
f 1154//1154 1151//1151 321//321 320//320
f 1157//1157 1154//1154 320//320 319//319
f 1248//1248 1249//1249 1246//1246 1245//1245
f 317//317 316//316 1153//1153 1156//1156
f 318//318 317//317 1156//1156 1159//1159
f 36//36 318//318 1159//1159 324//324
f 1238//1238 1239//1239 374//374 373//373
f 331//331 332//332 1199//1199 1196//1196
f 1163//1163 1164//1164 1161//1161 1160//1160
f 322//322 1157//1157 319//319 37//37
f 1164//1164 1165//1165 1162//1162 1161//1161
f 1161//1161 1162//1162 366//366 365//365
f 1164//1164 1163//1163 1166//1166 1167//1167
f 1584//1584 1583//1583 1588//1588 1582//1582
f 1165//1165 1164//1164 1167//1167 1168//1168
f 1240//1240 1239//1239 1235//1235 1241//1241
f 1201//1201 1204//1204 358//358 359//359
f 1166//1166 339//339 38//38 333//333
f 1168//1168 1167//1167 332//332 331//331
f 1167//1167 1166//1166 333//333 332//332
f 370//370 1228//1228 345//345 38//38
f 1169//1169 1170//1170 359//359 358//358
f 1160//1160 1161//1161 365//365 364//364
f 1229//1229 1230//1230 1227//1227 1226//1226
f 1196//1196 1197//1197 296//296 295//295
f 319//319 1210//1210 297//297 37//37
f 352//352 1193//1193 348//348 41//41
f 356//356 357//357 1234//1234 1233//1233
f 1170//1170 1171//1171 360//360 359//359
f 42//42 357//357 1169//1169 358//358
f 1173//1173 1174//1174 1171//1171 1170//1170
f 355//355 356//356 1233//1233 1232//1232
f 351//351 1184//1184 342//342 40//40
f 1173//1173 1172//1172 1175//1175 1176//1176
f 1198//1198 1201//1201 359//359 360//360
f 340//340 341//341 1181//1181 1178//1178
f 1177//1177 1176//1176 341//341 340//340
f 1170//1170 1169//1169 1172//1172 1173//1173
f 1175//1175 342//342 341//341 1176//1176
f 1183//1183 1182//1182 1185//1185 1186//1186
f 349//349 350//350 1229//1229 1226//1226
f 42//42 343//343 1234//1234 357//357
f 1222//1222 1221//1221 1219//1219 1223//1223
f 347//347 348//348 1193//1193 1190//1190
f 341//341 342//342 1184//1184 1181//1181
f 1189//1189 1188//1188 1191//1191 1192//1192
f 1175//1175 355//355 40//40 342//342
f 356//356 355//355 1175//1175 1172//1172
f 1311//1311 1308//1308 374//374 375//375
f 357//357 356//356 1172//1172 1169//1169
f 1223//1223 1224//1224 361//361 362//362
f 1188//1188 1187//1187 1190//1190 1191//1191
f 12//12 334//334 1213//1213 361//361
f 41//41 349//349 1226//1226 372//372
f 1185//1185 1184//1184 351//351 350//350
f 1186//1186 1185//1185 350//350 349//349
f 352//352 353//353 1194//1194 1193//1193
f 1231//1231 1230//1230 1233//1233 1234//1234
f 335//335 336//336 1217//1217 1218//1218
f 347//347 346//346 1180//1180 1183//1183
f 336//336 39//39 364//364 1217//1217
f 348//348 347//347 1183//1183 1186//1186
f 41//41 348//348 1186//1186 349//349
f 1222//1222 363//363 43//43 367//367
f 1202//1202 333//333 38//38 345//345
f 335//335 334//334 1189//1189 1192//1192
f 336//336 335//335 1192//1192 1195//1195
f 39//39 336//336 1195//1195 354//354
f 1215//1215 1216//1216 365//365 366//366
f 1197//1197 1198//1198 297//297 296//296
f 1198//1198 360//360 37//37 297//297
f 1200//1200 1199//1199 1202//1202 1203//1203
f 1200//1200 1201//1201 1198//1198 1197//1197
f 1208//1208 1207//1207 1205//1205 1209//1209
f 1211//1211 1205//1205 1207//1207 1206//1206
f 1211//1211 1210//1210 1209//1209 1205//1205
f 1204//1204 1203//1203 344//344 343//343
f 1203//1203 1202//1202 345//345 344//344
f 358//358 1204//1204 343//343 42//42
f 1232//1232 351//351 40//40 355//355
f 1213//1213 1214//1214 362//362 361//361
f 1215//1215 1214//1214 1212//1212 1216//1216
f 1225//1225 1219//1219 1221//1221 1220//1220
f 43//43 363//363 1215//1215 366//366
f 1222//1222 1223//1223 362//362 363//363
f 1214//1214 1215//1215 363//363 362//362
f 1306//1306 1305//1305 1308//1308 1309//1309
f 1308//1308 1305//1305 373//373 374//374
f 384//384 45//45 454//454 1384//1384
f 1244//1244 1247//1247 377//377 378//378
f 385//385 386//386 1263//1263 1260//1260
f 44//44 376//376 1250//1250 382//382
f 426//426 1311//1311 375//375 44//44
f 1317//1317 1318//1318 380//380 381//381
f 376//376 377//377 1247//1247 1250//1250
f 1240//1240 1241//1241 377//377 376//376
f 1319//1319 379//379 380//380 1318//1318
f 1246//1246 1247//1247 1244//1244 1243//1243
f 1237//1237 1236//1236 1241//1241 1235//1235
f 1241//1241 1236//1236 378//378 377//377
f 1240//1240 376//376 44//44 375//375
f 399//399 1266//1266 387//387 46//46
f 1239//1239 1240//1240 375//375 374//374
f 1247//1247 1246//1246 1249//1249 1250//1250
f 766//766 1810//1810 474//474 57//57
f 45//45 379//379 1319//1319 414//414
f 1310//1310 1309//1309 1312//1312 1313//1313
f 383//383 384//384 1384//1384 1385//1385
f 1249//1249 1248//1248 384//384 383//383
f 1250//1250 1249//1249 383//383 382//382
f 1261//1261 1260//1260 1263//1263 1264//1264
f 1262//1262 1261//1261 1264//1264 1265//1265
f 1248//1248 379//379 45//45 384//384
f 380//380 379//379 1248//1248 1245//1245
f 1245//1245 1242//1242 381//381 380//380
f 1256//1256 1255//1255 1258//1258 1259//1259
f 447//447 1345//1345 438//438 54//54
f 1255//1255 1254//1254 1257//1257 1258//1258
f 1254//1254 1251//1251 390//390 389//389
f 392//392 393//393 1321//1321 1322//1322
f 398//398 399//399 1330//1330 1331//1331
f 432//432 1321//1321 393//393 47//47
f 46//46 391//391 1323//1323 427//427
f 1259//1259 1258//1258 392//392 391//391
f 1257//1257 1254//1254 389//389 388//388
f 1271//1271 1270//1270 1273//1273 1274//1274
f 1257//1257 393//393 392//392 1258//1258
f 399//399 46//46 427//427 1330//1330
f 393//393 1257//1257 388//388 47//47
f 395//395 396//396 1275//1275 1272//1272
f 386//386 385//385 1253//1253 1256//1256
f 397//397 398//398 1331//1331 1332//1332
f 387//387 386//386 1256//1256 1259//1259
f 46//46 387//387 1259//1259 391//391
f 1270//1270 1269//1269 1272//1272 1273//1273
f 1331//1331 1330//1330 1333//1333 1334//1334
f 1320//1320 1319//1319 1318//1318 1314//1314
f 431//431 432//432 1377//1377 1380//1380
f 468//468 1375//1375 426//426 44//44
f 433//433 434//434 1982//1982 1983//1983
f 1279//1279 1278//1278 1281//1281 1282//1282
f 48//48 397//397 1332//1332 436//436
f 404//404 405//405 1339//1339 1340//1340
f 1280//1280 1279//1279 1282//1282 1283//1283
f 1267//1267 1266//1266 399//399 398//398
f 1268//1268 1267//1267 398//398 397//397
f 405//405 48//48 436//436 1339//1339
f 453//453 1354//1354 444//444 55//55
f 401//401 402//402 1284//1284 1281//1281
f 386//386 387//387 1266//1266 1263//1263
f 395//395 394//394 1262//1262 1265//1265
f 403//403 404//404 1340//1340 1341//1341
f 396//396 395//395 1265//1265 1268//1268
f 48//48 396//396 1268//1268 397//397
f 1334//1334 1335//1335 1332//1332 1331//1331
f 1288//1288 1287//1287 1290//1290 1291//1291
f 49//49 403//403 1341//1341 442//442
f 410//410 411//411 1348//1348 1349//1349
f 1289//1289 1288//1288 1291//1291 1292//1292
f 1276//1276 1275//1275 405//405 404//404
f 1277//1277 1276//1276 404//404 403//403
f 411//411 49//49 442//442 1348//1348
f 462//462 1363//1363 450//450 56//56
f 407//407 408//408 1293//1293 1290//1290
f 401//401 400//400 1271//1271 1274//1274
f 409//409 410//410 1349//1349 1350//1350
f 402//402 401//401 1274//1274 1277//1277
f 49//49 402//402 1277//1277 403//403
f 442//442 443//443 1351//1351 1348//1348
f 1297//1297 1296//1296 1299//1299 1300//1300
f 50//50 409//409 1350//1350 448//448
f 419//419 420//420 1357//1357 1358//1358
f 1298//1298 1297//1297 1300//1300 1301//1301
f 1285//1285 1284//1284 411//411 410//410
f 1286//1286 1285//1285 410//410 409//409
f 423//423 51//51 457//457 1366//1366
f 465//465 1372//1372 459//459 58//58
f 416//416 417//417 1302//1302 1299//1299
f 407//407 406//406 1280//1280 1283//1283
f 418//418 419//419 1358//1358 1359//1359
f 408//408 407//407 1283//1283 1286//1286
f 50//50 408//408 1286//1286 409//409
f 448//448 449//449 1360//1360 1357//1357
f 1311//1311 1312//1312 1309//1309 1308//1308
f 51//51 418//418 1359//1359 457//457
f 422//422 423//423 1366//1366 1367//1367
f 1307//1307 1306//1306 1309//1309 1310//1310
f 1294//1294 1293//1293 420//420 419//419
f 1295//1295 1294//1294 419//419 418//418
f 1372//1372 1373//1373 1370//1370 1369//1369
f 474//474 1390//1390 456//456 57//57
f 413//413 414//414 1319//1319 1320//1320
f 416//416 415//415 1289//1289 1292//1292
f 417//417 416//416 1292//1292 1295//1295
f 51//51 417//417 1295//1295 418//418
f 457//457 458//458 1369//1369 1366//1366
f 454//454 455//455 1387//1387 1384//1384
f 472//472 473//473 1811//1811 1812//1812
f 45//45 421//421 1368//1368 454//454
f 1325//1325 1326//1326 1323//1323 1322//1322
f 1303//1303 1302//1302 423//423 422//422
f 1304//1304 1303//1303 422//422 421//421
f 413//413 412//412 1298//1298 1301//1301
f 414//414 413//413 1301//1301 1304//1304
f 45//45 414//414 1304//1304 421//421
f 47//47 424//424 1377//1377 432//432
f 1312//1312 1311//1311 426//426 425//425
f 1313//1313 1312//1312 425//425 424//424
f 1316//1316 1315//1315 1320//1320 1314//1314
f 427//427 428//428 1333//1333 1330//1330
f 441//441 1336//1336 429//429 52//52
f 867//867 1846//1846 471//471 59//59
f 53//53 430//430 1383//1383 469//469
f 436//436 437//437 1342//1342 1339//1339
f 434//434 435//435 1981//1981 1982//1982
f 1324//1324 1321//1321 432//432 431//431
f 1326//1326 1325//1325 1328//1328 1329//1329
f 440//440 441//441 2026//2026 2027//2027
f 428//428 429//429 1336//1336 1333//1333
f 724//724 1981//1981 435//435 53//53
f 430//430 431//431 1380//1380 1383//1383
f 52//52 433//433 1983//1983 883//883
f 1329//1329 1328//1328 434//434 433//433
f 1327//1327 1324//1324 431//431 430//430
f 1341//1341 1340//1340 1343//1343 1344//1344
f 1327//1327 435//435 434//434 1328//1328
f 441//441 52//52 883//883 2026//2026
f 435//435 1327//1327 430//430 53//53
f 428//428 427//427 1323//1323 1326//1326
f 1335//1335 1334//1334 1337//1337 1338//1338
f 429//429 428//428 1326//1326 1329//1329
f 52//52 429//429 1329//1329 433//433
f 1340//1340 1339//1339 1342//1342 1343//1343
f 119//119 736//736 1998//1998 864//864
f 1389//1389 1388//1388 1391//1391 1392//1392
f 1386//1386 1385//1385 1388//1388 1389//1389
f 473//473 474//474 1810//1810 1811//1811
f 1987//1987 1988//1988 1985//1985 1984//1984
f 1986//1986 1985//1985 1988//1988 1989//1989
f 1380//1380 1379//1379 1382//1382 1383//1383
f 437//437 438//438 1345//1345 1342//1342
f 1349//1349 1348//1348 1351//1351 1352//1352
f 54//54 439//439 2028//2028 741//741
f 446//446 447//447 1864//1864 1865//1865
f 1350//1350 1349//1349 1352//1352 1353//1353
f 1337//1337 1336//1336 441//441 440//440
f 1338//1338 1337//1337 440//440 439//439
f 447//447 54//54 741//741 1864//1864
f 443//443 444//444 1354//1354 1351//1351
f 437//437 436//436 1332//1332 1335//1335
f 445//445 446//446 1865//1865 1866//1866
f 438//438 437//437 1335//1335 1338//1338
f 54//54 438//438 1338//1338 439//439
f 1358//1358 1357//1357 1360//1360 1361//1361
f 55//55 445//445 1866//1866 745//745
f 452//452 453//453 1963//1963 1964//1964
f 1359//1359 1358//1358 1361//1361 1362//1362
f 1346//1346 1345//1345 447//447 446//446
f 1347//1347 1346//1346 446//446 445//445
f 453//453 55//55 745//745 1963//1963
f 449//449 450//450 1363//1363 1360//1360
f 443//443 442//442 1341//1341 1344//1344
f 451//451 452//452 1964//1964 1965//1965
f 444//444 443//443 1344//1344 1347//1347
f 55//55 444//444 1347//1347 445//445
f 1865//1865 1864//1864 1867//1867 1868//1868
f 1367//1367 1366//1366 1369//1369 1370//1370
f 56//56 451//451 1965//1965 877//877
f 461//461 462//462 2008//2008 2009//2009
f 1368//1368 1367//1367 1370//1370 1371//1371
f 1355//1355 1354//1354 453//453 452//452
f 1356//1356 1355//1355 452//452 451//451
f 465//465 58//58 759//759 1882//1882
f 458//458 459//459 1372//1372 1369//1369
f 449//449 448//448 1350//1350 1353//1353
f 460//460 461//461 2009//2009 2010//2010
f 450//450 449//449 1353//1353 1356//1356
f 56//56 450//450 1356//1356 451//451
f 1377//1377 1376//1376 1379//1379 1380//1380
f 1874//1874 1873//1873 1876//1876 1877//1877
f 1387//1387 1388//1388 1385//1385 1384//1384
f 58//58 460//460 2010//2010 759//759
f 464//464 465//465 1882//1882 1883//1883
f 1364//1364 1363//1363 462//462 461//461
f 1365//1365 1364//1364 461//461 460//460
f 455//455 456//456 1390//1390 1387//1387
f 458//458 457//457 1359//1359 1362//1362
f 463//463 464//464 1883//1883 1884//1884
f 459//459 458//458 1362//1362 1365//1365
f 58//58 459//459 1365//1365 460//460
f 855//855 1933//1933 820//820 120//120
f 57//57 463//463 1884//1884 766//766
f 467//467 468//468 1386//1386 1389//1389
f 1991//1991 1992//1992 792//792 791//791
f 466//466 467//467 1389//1389 1392//1392
f 1373//1373 1372//1372 465//465 464//464
f 1374//1374 1373//1373 464//464 463//463
f 814//814 815//815 1910//1910 1911//1911
f 462//462 56//56 877//877 2008//2008
f 455//455 454//454 1368//1368 1371//1371
f 456//456 455//455 1371//1371 1374//1374
f 57//57 456//456 1374//1374 463//463
f 1883//1883 1882//1882 1885//1885 1886//1886
f 59//59 466//466 1392//1392 472//472
f 1379//1379 1378//1378 1381//1381 1382//1382
f 1852//1852 1853//1853 1850//1850 1849//1849
f 469//469 470//470 1847//1847 1848//1848
f 1383//1383 1382//1382 470//470 469//469
f 1382//1382 1381//1381 471//471 470//470
f 721//721 722//722 1405//1405 1402//1402
f 470//470 471//471 1846//1846 1847//1847
f 1381//1381 466//466 59//59 471//471
f 1402//1402 789//789 103//103 721//721
f 467//467 466//466 1381//1381 1378//1378
f 1431//1431 750//750 104//104 778//778
f 468//468 467//467 1378//1378 1375//1375
f 1397//1397 1396//1396 1399//1399 1400//1400
f 1851//1851 1850//1850 1853//1853 1854//1854
f 1390//1390 1391//1391 1388//1388 1387//1387
f 59//59 472//472 1812//1812 867//867
f 1391//1391 1390//1390 474//474 473//473
f 1392//1392 1391//1391 473//473 472//472
f 519//519 1462//1462 510//510 70//70
f 1393//1393 1394//1394 791//791 792//792
f 1990//1990 1991//1991 791//791 790//790
f 1996//1996 1997//1997 1994//1994 1993//1993
f 1405//1405 1406//1406 1403//1403 1402//1402
f 1990//1990 790//790 103//103 880//880
f 1394//1394 1395//1395 790//790 791//791
f 475//475 476//476 1439//1439 1440//1440
f 60//60 475//475 1440//1440 499//499
f 748//748 749//749 1434//1434 1437//1437
f 104//104 750//750 1393//1393 792//792
f 1397//1397 1398//1398 1395//1395 1394//1394
f 1974//1974 880//880 103//103 789//789
f 62//62 478//478 1449//1449 508//508
f 1396//1396 1393//1393 750//750 749//749
f 1398//1398 1397//1397 1400//1400 1401//1401
f 1406//1406 1407//1407 1404//1404 1403//1403
f 722//722 723//723 1408//1408 1405//1405
f 1438//1438 477//477 61//61 504//504
f 1411//1411 786//786 105//105 727//727
f 479//479 480//480 1447//1447 1448//1448
f 1401//1401 1400//1400 476//476 475//475
f 1399//1399 1396//1396 749//749 748//748
f 1424//1424 1425//1425 1422//1422 1421//1421
f 1399//1399 477//477 476//476 1400//1400
f 723//723 1401//1401 475//475 60//60
f 813//813 118//118 825//825 1918//1918
f 1402//1402 1403//1403 788//788 789//789
f 2003//2003 2004//2004 2001//2001 2000//2000
f 749//749 750//750 1431//1431 1434//1434
f 790//790 1395//1395 721//721 103//103
f 1972//1972 1973//1973 788//788 787//787
f 722//722 721//721 1395//1395 1398//1398
f 1407//1407 1406//1406 1409//1409 1410//1410
f 723//723 722//722 1398//1398 1401//1401
f 1973//1973 1974//1974 789//789 788//788
f 476//476 477//477 1438//1438 1439//1439
f 1439//1439 1438//1438 1441//1441 1442//1442
f 1399//1399 748//748 61//61 477//477
f 525//525 1471//1471 516//516 71//71
f 1414//1414 1415//1415 1412//1412 1411//1411
f 748//748 1437//1437 493//493 61//61
f 513//513 1453//1453 501//501 68//68
f 1442//1442 1441//1441 1444//1444 1445//1445
f 567//567 1573//1573 543//543 75//75
f 1434//1434 1433//1433 1436//1436 1437//1437
f 1967//1967 1968//1968 1965//1965 1964//1964
f 1403//1403 1404//1404 787//787 788//788
f 1408//1408 1409//1409 1406//1406 1405//1405
f 1977//1977 1976//1976 1979//1979 1980//1980
f 63//63 481//481 1458//1458 514//514
f 482//482 483//483 1456//1456 1457//1457
f 1415//1415 1416//1416 1413//1413 1412//1412
f 730//730 731//731 1824//1824 1827//1827
f 1409//1409 1408//1408 480//480 479//479
f 1410//1410 1409//1409 479//479 478//478
f 729//729 1410//1410 478//478 62//62
f 1873//1873 1874//1874 776//776 775//775
f 483//483 62//62 508//508 1456//1456
f 1411//1411 1412//1412 785//785 786//786
f 1417//1417 729//729 62//62 483//483
f 871//871 1972//1972 787//787 105//105
f 880//880 881//881 1993//1993 1990//1990
f 728//728 729//729 1417//1417 1414//1414
f 787//787 1404//1404 727//727 105//105
f 481//481 482//482 1457//1457 1458//1458
f 728//728 727//727 1404//1404 1407//1407
f 1416//1416 1415//1415 1418//1418 1419//1419
f 729//729 728//728 1407//1407 1410//1410
f 1802//1802 1803//1803 786//786 785//785
f 1859//1859 1858//1858 1861//1861 1862//1862
f 502//502 503//503 1497//1497 1500//1500
f 1408//1408 723//723 60//60 480//480
f 724//724 725//725 1984//1984 1981//1981
f 534//534 1480//1480 522//522 72//72
f 761//761 762//762 1834//1834 1831//1831
f 1412//1412 1413//1413 784//784 785//785
f 1417//1417 1418//1418 1415//1415 1414//1414
f 108//108 783//783 1839//1839 868//868
f 875//875 876//876 2001//2001 2004//2004
f 1825//1825 1826//1826 1823//1823 1822//1822
f 1423//1423 1424//1424 1421//1421 1420//1420
f 1838//1838 1839//1839 783//783 782//782
f 106//106 771//771 2001//2001 876//876
f 733//733 734//734 1795//1795 1792//1792
f 1420//1420 1421//1421 782//782 783//783
f 1418//1418 1417//1417 483//483 482//482
f 1419//1419 1418//1418 482//482 481//481
f 732//732 1419//1419 481//481 63//63
f 108//108 762//762 1420//1420 783//783
f 769//769 110//110 888//888 1999//1999
f 1837//1837 1838//1838 782//782 781//781
f 874//874 875//875 2004//2004 2007//2007
f 876//876 1801//1801 784//784 106//106
f 858//858 857//857 1943//1943 1942//1942
f 731//731 732//732 1821//1821 1824//1824
f 784//784 1413//1413 730//730 106//106
f 731//731 730//730 1413//1413 1416//1416
f 732//732 731//731 1416//1416 1419//1419
f 1792//1792 777//777 107//107 733//733
f 1794//1794 765//765 109//109 775//775
f 1421//1421 1422//1422 781//781 782//782
f 490//490 491//491 1484//1484 1485//1485
f 65//65 490//490 1485//1485 526//526
f 760//760 761//761 1831//1831 1828//1828
f 851//851 850//850 1926//1926 1925//1925
f 1797//1797 1796//1796 1799//1799 1800//1800
f 1423//1423 1420//1420 762//762 761//761
f 1425//1425 1424//1424 1427//1427 1428//1428
f 734//734 735//735 1798//1798 1795//1795
f 529//529 1483//1483 492//492 66//66
f 1428//1428 1427//1427 491//491 490//490
f 1426//1426 1423//1423 761//761 760//760
f 1429//1429 1430//1430 779//779 780//780
f 1426//1426 492//492 491//491 1427//1427
f 735//735 1428//1428 490//490 65//65
f 753//753 752//752 1876//1876 1873//1873
f 500//500 501//501 1453//1453 1450//1450
f 1855//1855 1856//1856 779//779 778//778
f 871//871 872//872 1975//1975 1972//1972
f 1878//1878 1881//1881 756//756 755//755
f 1424//1424 1423//1423 1426//1426 1427//1427
f 781//781 1422//1422 733//733 107//107
f 734//734 733//733 1422//1422 1425//1425
f 735//735 734//734 1425//1425 1428//1428
f 1440//1440 1439//1439 1442//1442 1443//1443
f 491//491 492//492 1483//1483 1484//1484
f 1484//1484 1483//1483 1486//1486 1487//1487
f 1426//1426 760//760 66//66 492//492
f 774//774 773//773 2018//2018 2019//2019
f 764//764 765//765 1794//1794 1797//1797
f 61//61 493//493 1494//1494 504//504
f 1430//1430 1431//1431 778//778 779//779
f 1433//1433 1434//1434 1431//1431 1430//1430
f 763//763 764//764 1797//1797 1800//1800
f 540//540 1492//1492 495//495 67//67
f 1433//1433 1432//1432 1435//1435 1436//1436
f 493//493 494//494 1493//1493 1494//1494
f 1437//1437 1436//1436 494//494 493//493
f 1430//1430 1429//1429 1432//1432 1433//1433
f 1435//1435 495//495 494//494 1436//1436
f 562//562 1537//1537 546//546 73//73
f 508//508 509//509 1459//1459 1456//1456
f 109//109 765//765 1429//1429 780//780
f 1802//1802 1801//1801 1804//1804 1805//1805
f 737//737 738//738 1992//1992 1995//1995
f 494//494 495//495 1492//1492 1493//1493
f 1493//1493 1492//1492 1495//1495 1496//1496
f 1435//1435 763//763 67//67 495//495
f 764//764 763//763 1435//1435 1432//1432
f 765//765 764//764 1432//1432 1429//1429
f 1557//1557 1556//1556 1559//1559 1560//1560
f 1443//1443 1442//1442 1445//1445 1446//1446
f 1451//1451 1452//1452 1449//1449 1448//1448
f 499//499 500//500 1450//1450 1447//1447
f 1441//1441 1438//1438 504//504 503//503
f 506//506 507//507 1519//1519 1520//1520
f 512//512 513//513 1528//1528 1529//1529
f 568//568 1519//1519 507//507 69//69
f 68//68 505//505 1521//1521 549//549
f 1446//1446 1445//1445 506//506 505//505
f 1444//1444 1441//1441 503//503 502//502
f 1458//1458 1457//1457 1460//1460 1461//1461
f 1444//1444 507//507 506//506 1445//1445
f 513//513 68//68 549//549 1528//1528
f 507//507 1444//1444 502//502 69//69
f 500//500 499//499 1440//1440 1443//1443
f 1452//1452 1451//1451 1454//1454 1455//1455
f 501//501 500//500 1443//1443 1446//1446
f 68//68 501//501 1446//1446 505//505
f 1501//1501 1502//1502 497//497 498//498
f 1457//1457 1456//1456 1459//1459 1460//1460
f 1799//1799 1798//1798 498//498 497//497
f 544//544 545//545 1538//1538 1539//1539
f 763//763 1800//1800 496//496 67//67
f 1798//1798 735//735 65//65 498//498
f 569//569 568//568 1575//1575 1578//1578
f 1497//1497 1496//1496 1499//1499 1500//1500
f 637//637 638//638 1721//1721 1722//1722
f 509//509 510//510 1462//1462 1459//1459
f 1819//1819 1820//1820 485//485 486//486
f 70//70 511//511 1530//1530 552//552
f 518//518 519//519 1546//1546 1547//1547
f 63//63 484//484 1821//1821 732//732
f 1454//1454 1453//1453 513//513 512//512
f 1455//1455 1454//1454 512//512 511//511
f 523//523 524//524 1556//1556 1557//1557
f 519//519 70//70 552//552 1546//1546
f 515//515 516//516 1471//1471 1468//1468
f 509//509 508//508 1449//1449 1452//1452
f 517//517 518//518 1547//1547 1548//1548
f 510//510 509//509 1452//1452 1455//1455
f 70//70 510//510 1455//1455 511//511
f 524//524 525//525 1555//1555 1556//1556
f 71//71 517//517 1548//1548 555//555
f 1469//1469 1470//1470 1467//1467 1466//1466
f 520//520 521//521 1477//1477 1474//1474
f 1830//1830 744//744 64//64 487//487
f 1463//1463 1462//1462 519//519 518//518
f 1464//1464 1463//1463 518//518 517//517
f 532//532 533//533 1511//1511 1512//1512
f 1820//1820 1821//1821 484//484 485//485
f 514//514 1465//1465 484//484 63//63
f 525//525 71//71 555//555 1555//1555
f 1566//1566 1565//1565 1568//1568 1569//1569
f 1468//1468 1469//1469 1466//1466 1465//1465
f 515//515 514//514 1458//1458 1461//1461
f 1470//1470 1469//1469 1472//1472 1473//1473
f 516//516 515//515 1461//1461 1464//1464
f 71//71 516//516 1464//1464 517//517
f 1465//1465 1466//1466 485//485 484//484
f 744//744 1819//1819 486//486 64//64
f 533//533 534//534 1510//1510 1511//1511
f 1466//1466 1467//1467 486//486 485//485
f 1471//1471 1472//1472 1469//1469 1468//1468
f 1828//1828 1829//1829 488//488 489//489
f 1477//1477 1478//1478 1475//1475 1474//1474
f 72//72 523//523 1557//1557 556//556
f 1478//1478 1479//1479 1476//1476 1475//1475
f 529//529 530//530 1486//1486 1483//1483
f 1472//1472 1471//1471 525//525 524//524
f 1473//1473 1472//1472 524//524 523//523
f 1504//1504 1505//1505 1502//1502 1501//1501
f 1829//1829 1830//1830 487//487 488//488
f 537//537 74//74 561//561 1564//1564
f 1569//1569 1568//1568 1571//1571 1572//1572
f 520//520 1474//1474 487//487 64//64
f 521//521 522//522 1480//1480 1477//1477
f 1467//1467 520//520 64//64 486//486
f 537//537 1489//1489 531//531 74//74
f 521//521 520//520 1467//1467 1470//1470
f 1479//1479 1478//1478 1481//1481 1482//1482
f 522//522 521//521 1470//1470 1473//1473
f 72//72 522//522 1473//1473 523//523
f 1474//1474 1475//1475 488//488 487//487
f 1828//1828 489//489 66//66 760//760
f 1494//1494 1493//1493 1496//1496 1497//1497
f 1834//1834 1835//1835 1832//1832 1831//1831
f 1475//1475 1476//1476 489//489 488//488
f 1480//1480 1481//1481 1478//1478 1477//1477
f 1476//1476 529//529 66//66 489//489
f 74//74 532//532 1512//1512 561//561
f 536//536 537//537 1564//1564 1565//1565
f 1481//1481 1480//1480 534//534 533//533
f 1482//1482 1481//1481 533//533 532//532
f 1570//1570 1571//1571 1568//1568 1567//1567
f 527//527 528//528 1507//1507 1504//1504
f 530//530 531//531 1489//1489 1486//1486
f 863//863 864//864 1998//1998 1997//1997
f 1506//1506 1505//1505 1508//1508 1509//1509
f 546//546 1507//1507 528//528 73//73
f 530//530 529//529 1476//1476 1479//1479
f 535//535 536//536 1565//1565 1566//1566
f 531//531 530//530 1479//1479 1482//1482
f 74//74 531//531 1482//1482 532//532
f 649//649 650//650 1757//1757 1758//1758
f 1560//1560 1563//1563 558//558 557//557
f 73//73 535//535 1566//1566 562//562
f 539//539 540//540 1503//1503 1506//1506
f 538//538 539//539 1506//1506 1509//1509
f 1490//1490 1489//1489 537//537 536//536
f 1491//1491 1490//1490 536//536 535//535
f 658//658 659//659 1784//1784 1785//1785
f 1510//1510 534//534 72//72 556//556
f 1485//1485 1484//1484 1487//1487 1488//1488
f 527//527 526//526 1485//1485 1488//1488
f 528//528 527//527 1488//1488 1491//1491
f 73//73 528//528 1491//1491 535//535
f 561//561 560//560 1567//1567 1564//1564
f 75//75 538//538 1509//1509 544//544
f 1496//1496 1495//1495 1498//1498 1499//1499
f 1579//1579 1580//1580 1577//1577 1576//1576
f 541//541 542//542 1574//1574 1575//1575
f 1500//1500 1499//1499 542//542 541//541
f 1499//1499 1498//1498 543//543 542//542
f 1563//1563 646//646 90//90 558//558
f 549//549 548//548 1531//1531 1528//1528
f 1800//1800 1799//1799 497//497 496//496
f 542//542 543//543 1573//1573 1574//1574
f 1498//1498 538//538 75//75 543//543
f 1565//1565 1564//1564 1567//1567 1568//1568
f 539//539 538//538 1498//1498 1495//1495
f 1514//1514 1515//1515 1512//1512 1511//1511
f 1514//1514 1513//1513 1516//1516 1517//1517
f 540//540 539//539 1495//1495 1492//1492
f 1507//1507 1508//1508 1505//1505 1504//1504
f 570//570 569//569 1578//1578 1581//1581
f 1502//1502 1503//1503 496//496 497//497
f 545//545 546//546 1537//1537 1538//1538
f 1503//1503 540//540 67//67 496//496
f 75//75 544//544 1539//1539 567//567
f 1508//1508 1507//1507 546//546 545//545
f 1509//1509 1508//1508 545//545 544//544
f 498//498 65//65 526//526 1501//1501
f 1511//1511 1510//1510 1513//1513 1514//1514
f 650//650 651//651 1756//1756 1757//1757
f 1523//1523 1524//1524 1521//1521 1520//1520
f 1515//1515 1514//1514 1517//1517 1518//1518
f 1513//1513 1510//1510 556//556 557//557
f 688//688 1756//1756 651//651 90//90
f 91//91 649//649 1758//1758 703//703
f 1518//1518 1517//1517 650//650 649//649
f 1516//1516 1513//1513 557//557 558//558
f 642//642 1534//1534 547//547 86//86
f 653//653 654//654 1765//1765 1766//1766
f 1516//1516 651//651 650//650 1517//1517
f 1771//1771 1772//1772 1769//1769 1768//1768
f 1529//1529 1528//1528 1531//1531 1532//1532
f 714//714 1774//1774 657//657 93//93
f 703//703 1765//1765 654//654 91//91
f 651//651 1516//1516 558//558 90//90
f 560//560 561//561 1512//1512 1515//1515
f 559//559 560//560 1515//1515 1518//1518
f 91//91 559//559 1518//1518 649//649
f 1523//1523 1522//1522 1525//1525 1526//1526
f 1788//1788 1787//1787 1790//1790 1791//1791
f 646//646 647//647 1748//1748 1749//1749
f 1586//1586 1585//1585 1584//1584 1582//1582
f 638//638 639//639 1720//1720 1721//1721
f 1524//1524 1523//1523 1526//1526 1527//1527
f 1522//1522 1519//1519 568//568 569//569
f 666//666 1720//1720 639//639 87//87
f 86//86 637//637 1722//1722 661//661
f 1527//1527 1526//1526 638//638 637//637
f 1525//1525 1522//1522 569//569 570//570
f 641//641 642//642 1729//1729 1730//1730
f 645//645 1552//1552 550//550 88//88
f 1525//1525 639//639 638//638 1526//1526
f 1735//1735 1736//1736 1733//1733 1732//1732
f 639//639 1525//1525 570//570 87//87
f 548//548 549//549 1521//1521 1524//1524
f 547//547 548//548 1524//1524 1527//1527
f 86//86 547//547 1527//1527 637//637
f 1533//1533 1532//1532 1535//1535 1536//1536
f 1547//1547 1546//1546 1549//1549 1550//1550
f 1597//1597 1596//1596 587//587 588//588
f 1086//1086 1087//1087 1084//1084 1083//1083
f 1587//1587 1586//1586 1582//1582 1588//1588
f 88//88 640//640 1731//1731 670//670
f 642//642 86//86 661//661 1729//1729
f 567//567 566//566 1576//1576 1573//1573
f 648//648 1561//1561 553//553 89//89
f 1535//1535 1534//1534 642//642 641//641
f 1536//1536 1535//1535 641//641 640//640
f 1744//1744 1745//1745 1742//1742 1741//1741
f 657//657 1579//1579 565//565 93//93
f 551//551 552//552 1530//1530 1533//1533
f 550//550 551//551 1533//1533 1536//1536
f 88//88 550//550 1536//1536 640//640
f 1551//1551 1550//1550 1553//1553 1554//1554
f 659//659 660//660 1783//1783 1784//1784
f 1542//1542 1541//1541 1544//1544 1545//1545
f 1540//1540 1537//1537 562//562 563//563
f 697//697 1783//1783 660//660 92//92
f 93//93 658//658 1785//1785 714//714
f 1545//1545 1544//1544 659//659 658//658
f 1569//1569 1572//1572 564//564 563//563
f 1543//1543 1540//1540 563//563 564//564
f 1578//1578 1577//1577 1580//1580 1581//1581
f 1543//1543 660//660 659//659 1544//1544
f 660//660 1543//1543 564//564 92//92
f 566//566 567//567 1539//1539 1542//1542
f 565//565 566//566 1542//1542 1545//1545
f 93//93 565//565 1545//1545 658//658
f 1556//1556 1555//1555 1558//1558 1559//1559
f 1577//1577 1578//1578 1575//1575 1574//1574
f 656//656 657//657 1774//1774 1775//1775
f 652//652 653//653 1766//1766 1767//1767
f 655//655 656//656 1775//1775 1776//1776
f 89//89 643//643 1740//1740 682//682
f 645//645 88//88 670//670 1738//1738
f 647//647 648//648 1747//1747 1748//1748
f 1553//1553 1552//1552 645//645 644//644
f 1554//1554 1553//1553 644//644 643//643
f 1753//1753 1754//1754 1751//1751 1750//1750
f 1560//1560 1559//1559 1562//1562 1563//1563
f 682//682 1747//1747 648//648 89//89
f 554//554 555//555 1548//1548 1551//1551
f 553//553 554//554 1551//1551 1554//1554
f 89//89 553//553 1554//1554 643//643
f 1753//1753 684//684 98//98 691//691
f 1771//1771 705//705 101//101 709//709
f 90//90 646//646 1749//1749 688//688
f 1562//1562 1561//1561 648//648 647//647
f 1563//1563 1562//1562 647//647 646//646
f 1762//1762 1763//1763 1760//1760 1759//1759
f 1762//1762 690//690 99//99 706//706
f 1789//1789 699//699 100//100 718//718
f 92//92 652//652 1767//1767 697//697
f 1571//1571 1570//1570 654//654 653//653
f 1572//1572 1571//1571 653//653 652//652
f 87//87 655//655 1776//1776 666//666
f 1580//1580 1579//1579 657//657 656//656
f 1581//1581 1580//1580 656//656 655//655
f 1572//1572 652//652 92//92 564//564
f 719//719 720//720 1791//1791 1790//1790
f 644//644 645//645 1738//1738 1739//1739
f 1585//1585 1586//1586 206//206 205//205
f 958//958 232//232 21//21 223//223
f 218//218 219//219 1604//1604 1601//1601
f 217//217 218//218 1601//1601 1598//1598
f 1604//1604 219//219 77//77 589//589
f 76//76 207//207 1587//1587 585//585
f 1586//1586 1587//1587 207//207 206//206
f 1602//1602 1603//1603 1600//1600 1599//1599
f 139//139 140//140 1288//1288 1289//1289
f 218//218 217//217 1591//1591 1594//1594
f 1603//1603 1602//1602 1605//1605 1606//1606
f 219//219 218//218 1594//1594 1597//1597
f 77//77 219//219 1597//1597 588//588
f 230//230 231//231 1613//1613 1610//1610
f 229//229 230//230 1610//1610 1607//1607
f 992//992 256//256 25//25 247//247
f 230//230 229//229 1600//1600 1603//1603
f 243//243 79//79 595//595 1621//1621
f 231//231 230//230 1603//1603 1606//1606
f 78//78 231//231 1606//1606 591//591
f 242//242 243//243 1621//1621 1622//1622
f 241//241 242//242 1622//1622 1617//1617
f 254//254 255//255 1125//1125 1122//1122
f 14//14 172//172 1609//1609 241//241
f 242//242 241//241 1609//1609 1612//1612
f 243//243 242//242 1612//1612 1615//1615
f 79//79 243//243 1615//1615 594//594
f 1620//1620 1619//1619 1618//1618 1616//1616
f 1623//1623 1624//1624 599//599 598//598
f 1626//1626 1627//1627 1624//1624 1623//1623
f 1627//1627 1628//1628 1625//1625 1624//1624
f 1624//1624 1625//1625 600//600 599//599
f 1629//1629 1630//1630 1627//1627 1626//1626
f 1625//1625 633//633 80//80 600//600
f 1630//1630 1631//1631 1628//1628 1627//1627
f 1635//1635 1636//1636 1633//1633 1632//1632
f 147//147 4//4 394//394 1269//1269
f 1649//1649 1648//1648 236//236 237//237
f 1633//1633 1634//1634 237//237 236//236
f 1638//1638 1639//1639 1636//1636 1635//1635
f 1634//1634 615//615 81//81 237//237
f 1641//1641 1642//1642 605//605 604//604
f 1632//1632 235//235 24//24 250//250
f 1639//1639 1640//1640 1637//1637 1636//1636
f 1162//1162 156//156 43//43 366//366
f 1642//1642 1643//1643 606//606 605//605
f 1645//1645 1644//1644 1647//1647 1648//1648
f 936//936 937//937 934//934 933//933
f 1643//1643 618//618 82//82 606//606
f 622//622 1667//1667 213//213 83//83
f 205//205 1589//1589 165//165 9//9
f 1651//1651 1652//1652 213//213 212//212
f 1654//1654 1653//1653 1656//1656 1657//1657
f 1652//1652 621//621 83//83 213//213
f 1659//1659 1660//1660 611//611 610//610
f 226//226 1650//1650 211//211 20//20
f 625//625 1676//1676 612//612 84//84
f 1660//1660 1661//1661 612//612 611//611
f 1663//1663 1662//1662 1665//1665 1666//1666
f 1661//1661 624//624 84//84 612//612
f 916//916 919//919 200//200 201//201
f 1682//1682 1681//1681 1677//1677 1683//1683
f 673//673 674//674 1736//1736 1735//1735
f 1728//1728 1727//1727 668//668 669//669
f 1684//1684 1685//1685 668//668 667//667
f 1713//1713 1716//1716 680//680 681//681
f 1688//1688 1689//1689 1686//1686 1685//1685
f 1688//1688 1687//1687 1690//1690 1691//1691
f 1685//1685 1686//1686 669//669 668//668
f 676//676 677//677 1694//1694 1695//1695
f 1697//1697 1696//1696 1699//1699 1700//1700
f 1719//1719 702//702 97//97 679//679
f 674//674 675//675 1737//1737 1736//1736
f 1695//1695 1694//1694 1697//1697 1698//1698
f 1704//1704 696//696 97//97 702//702
f 1689//1689 1688//1688 1691//1691 1692//1692
f 1687//1687 1684//1684 681//681 680//680
f 696//696 1693//1693 678//678 97//97
f 1687//1687 1688//1688 1685//1685 1684//1684
f 96//96 676//676 1695//1695 685//685
f 1692//1692 1691//1691 677//677 676//676
f 1690//1690 1687//1687 680//680 679//679
f 1690//1690 678//678 677//677 1691//1691
f 677//677 678//678 1693//1693 1694//1694
f 1704//1704 1707//1707 695//695 696//696
f 1684//1684 667//667 95//95 681//681
f 686//686 687//687 1746//1746 1745//1745
f 1716//1716 1719//1719 679//679 680//680
f 1686//1686 673//673 94//94 669//669
f 674//674 673//673 1686//1686 1689//1689
f 675//675 674//674 1689//1689 1692//1692
f 96//96 675//675 1692//1692 676//676
f 691//691 692//692 1754//1754 1753//1753
f 1690//1690 679//679 97//97 678//678
f 703//703 704//704 1768//1768 1765//1765
f 1778//1778 1777//1777 1780//1780 1781//1781
f 1749//1749 1748//1748 1751//1751 1752//1752
f 683//683 684//684 1753//1753 1750//1750
f 1698//1698 1697//1697 1700//1700 1701//1701
f 685//685 686//686 1745//1745 1744//1744
f 1696//1696 1693//1693 696//696 695//695
f 1717//1717 718//718 100//100 700//700
f 1701//1701 1700//1700 692//692 691//691
f 1699//1699 1696//1696 695//695 694//694
f 711//711 1702//1702 700//700 100//100
f 1699//1699 693//693 692//692 1700//1700
f 692//692 693//693 1755//1755 1754//1754
f 1780//1780 715//715 716//716 1781//1781
f 686//686 685//685 1695//1695 1698//1698
f 687//687 686//686 1698//1698 1701//1701
f 98//98 687//687 1701//1701 691//691
f 1702//1702 1703//1703 701//701 700//700
f 1699//1699 694//694 99//99 693//693
f 1717//1717 700//700 701//701 1718//1718
f 1711//1711 1712//1712 716//716 715//715
f 1707//1707 1706//1706 1709//1709 1710//1710
f 1778//1778 1779//1779 1776//1776 1775//1775
f 698//698 699//699 1789//1789 1786//1786
f 1703//1703 1704//1704 702//702 701//701
f 1724//1724 1725//1725 1722//1722 1721//1721
f 1719//1719 1718//1718 701//701 702//702
f 1706//1706 1707//1707 1704//1704 1703//1703
f 709//709 710//710 1772//1772 1771//1771
f 1791//1791 720//720 102//102 712//712
f 1706//1706 1705//1705 1708//1708 1709//1709
f 706//706 707//707 1763//1763 1762//1762
f 1710//1710 1709//1709 707//707 706//706
f 1703//1703 1702//1702 1705//1705 1706//1706
f 1708//1708 708//708 707//707 1709//1709
f 1767//1767 1766//1766 1769//1769 1770//1770
f 697//697 698//698 1786//1786 1783//1783
f 707//707 708//708 1764//1764 1763//1763
f 1708//1708 709//709 101//101 708//708
f 710//710 709//709 1708//1708 1705//1705
f 713//713 714//714 1785//1785 1788//1788
f 711//711 710//710 1705//1705 1702//1702
f 1712//1712 1713//1713 717//717 716//716
f 1730//1730 1729//1729 1732//1732 1733//1733
f 1715//1715 1716//1716 1713//1713 1712//1712
f 718//718 719//719 1790//1790 1789//1789
f 1715//1715 1714//1714 1717//1717 1718//1718
f 1712//1712 1711//1711 1714//1714 1715//1715
f 720//720 1711//1711 715//715 102//102
f 682//682 683//683 1750//1750 1747//1747
f 664//664 665//665 1779//1779 1782//1782
f 719//719 718//718 1717//1717 1714//1714
f 720//720 719//719 1714//1714 1711//1711
f 478//478 479//479 1448//1448 1449//1449
f 1978//1978 1979//1979 1976//1976 1975//1975
f 1724//1724 1723//1723 1726//1726 1727//1727
f 1723//1723 1720//1720 666//666 665//665
f 1725//1725 1724//1724 1727//1727 1728//1728
f 662//662 663//663 1735//1735 1732//1732
f 1731//1731 1730//1730 1733//1733 1734//1734
f 1726//1726 1723//1723 665//665 664//664
f 667//667 1726//1726 664//664 95//95
f 671//671 672//672 1744//1744 1741//1741
f 662//662 661//661 1722//1722 1725//1725
f 663//663 662//662 1725//1725 1728//1728
f 94//94 663//663 1728//1728 669//669
f 670//670 671//671 1741//1741 1738//1738
f 1787//1787 1788//1788 1785//1785 1784//1784
f 1740//1740 1739//1739 1742//1742 1743//1743
f 1707//1707 1710//1710 694//694 695//695
f 671//671 670//670 1731//1731 1734//1734
f 672//672 671//671 1734//1734 1737//1737
f 96//96 672//672 1737//1737 675//675
f 1710//1710 706//706 99//99 694//694
f 689//689 690//690 1762//1762 1759//1759
f 683//683 682//682 1740//1740 1743//1743
f 684//684 683//683 1743//1743 1746//1746
f 98//98 684//684 1746//1746 687//687
f 688//688 689//689 1759//1759 1756//1756
f 704//704 705//705 1771//1771 1768//1768
f 689//689 688//688 1749//1749 1752//1752
f 690//690 689//689 1752//1752 1755//1755
f 99//99 690//690 1755//1755 693//693
f 704//704 703//703 1758//1758 1761//1761
f 705//705 704//704 1761//1761 1764//1764
f 101//101 705//705 1764//1764 708//708
f 712//712 713//713 1788//1788 1791//1791
f 710//710 711//711 1773//1773 1772//1772
f 698//698 697//697 1767//1767 1770//1770
f 699//699 698//698 1770//1770 1773//1773
f 100//100 699//699 1773//1773 711//711
f 1782//1782 1781//1781 716//716 717//717
f 715//715 1780//1780 712//712 102//102
f 713//713 712//712 1780//1780 1777//1777
f 714//714 713//713 1777//1777 1774//1774
f 1874//1874 1875//1875 777//777 776//776
f 1789//1789 1790//1790 1787//1787 1786//1786
f 1792//1792 1793//1793 776//776 777//777
f 1793//1793 1792//1792 1795//1795 1796//1796
f 1793//1793 1794//1794 775//775 776//776
f 1798//1798 1799//1799 1796//1796 1795//1795
f 1796//1796 1797//1797 1794//1794 1793//1793
f 2003//2003 2002//2002 2005//2005 2006//2006
f 109//109 753//753 1873//1873 775//775
f 1805//1805 1804//1804 1807//1807 1808//1808
f 1803//1803 1802//1802 1805//1805 1806//1806
f 1812//1812 1811//1811 1814//1814 1815//1815
f 1806//1806 1805//1805 1808//1808 1809//1809
f 1804//1804 1801//1801 876//876 875//875
f 867//867 866//866 1849//1849 1846//1846
f 118//118 814//814 1911//1911 825//825
f 822//822 1927//1927 810//810 116//116
f 1809//1809 1808//1808 857//857 858//858
f 1807//1807 1804//1804 875//875 874//874
f 1807//1807 856//856 857//857 1808//1808
f 873//873 1809//1809 858//858 123//123
f 872//872 871//871 1803//1803 1806//1806
f 2029//2029 2030//2030 2027//2027 2026//2026
f 873//873 872//872 1806//1806 1809//1809
f 2004//2004 2003//2003 2006//2006 2007//2007
f 1807//1807 874//874 124//124 856//856
f 878//878 879//879 2014//2014 2011//2011
f 1815//1815 1814//1814 1817//1817 1818//1818
f 1814//1814 1813//1813 1816//1816 1817//1817
f 815//815 816//816 1909//1909 1910//1910
f 1813//1813 1810//1810 766//766 767//767
f 835//835 1909//1909 816//816 117//117
f 812//812 813//813 1918//1918 1919//1919
f 1818//1818 1817//1817 815//815 814//814
f 768//768 767//767 1887//1887 1890//1890
f 1816//1816 1813//1813 767//767 768//768
f 1852//1852 865//865 118//118 813//813
f 1987//1987 726//726 112//112 795//795
f 1816//1816 816//816 815//815 1817//1817
f 865//865 1818//1818 814//814 118//118
f 743//743 744//744 1830//1830 1833//1833
f 816//816 1816//1816 768//768 117//117
f 69//69 502//502 1500//1500 541//541
f 866//866 867//867 1812//1812 1815//1815
f 865//865 866//866 1815//1815 1818//1818
f 1822//1822 1823//1823 1820//1820 1819//1819
f 1900//1900 841//841 126//126 840//840
f 2024//2024 2023//2023 844//844 845//845
f 120//120 844//844 2023//2023 870//870
f 1892//1892 1891//1891 1894//1894 1895//1895
f 1895//1895 1894//1894 1897//1897 1898//1898
f 1887//1887 1886//1886 1889//1889 1890//1890
f 1823//1823 1824//1824 1821//1821 1820//1820
f 1835//1835 1836//1836 1833//1833 1832//1832
f 771//771 770//770 2000//2000 2001//2001
f 110//110 742//742 1836//1836 774//774
f 1829//1829 1828//1828 1831//1831 1832//1832
f 770//770 769//769 1999//1999 2000//2000
f 1825//1825 769//769 770//770 1826//1826
f 1827//1827 1826//1826 770//770 771//771
f 2020//2020 2021//2021 2018//2018 2017//2017
f 1824//1824 1823//1823 1826//1826 1827//1827
f 742//742 110//110 769//769 1825//1825
f 1840//1840 1841//1841 1838//1838 1837//1837
f 743//743 742//742 1825//1825 1822//1822
f 744//744 743//743 1822//1822 1819//1819
f 868//868 2017//2017 772//772 108//108
f 746//746 747//747 1969//1969 1966//1966
f 1839//1839 1838//1838 1841//1841 1842//1842
f 754//754 107//107 777//777 1875//1875
f 1835//1835 1834//1834 772//772 773//773
f 1836//1836 1835//1835 773//773 774//774
f 107//107 754//754 1837//1837 781//781
f 799//799 800//800 1937//1937 1938//1938
f 1842//1842 1841//1841 1844//1844 1845//1845
f 1848//1848 1847//1847 1850//1850 1851//1851
f 1841//1841 1840//1840 1843//1843 1844//1844
f 1840//1840 1837//1837 754//754 755//755
f 854//854 853//853 1935//1935 1934//1934
f 1845//1845 1844//1844 854//854 855//855
f 1843//1843 1840//1840 755//755 756//756
f 1843//1843 853//853 854//854 1844//1844
f 870//870 1845//1845 855//855 120//120
f 853//853 1843//1843 756//756 125//125
f 725//725 726//726 1987//1987 1984//1984
f 1881//1881 849//849 125//125 756//756
f 869//869 868//868 1839//1839 1842//1842
f 870//870 869//869 1842//1842 1845//1845
f 857//857 856//856 1944//1944 1943//1943
f 123//123 859//859 1978//1978 873//873
f 1949//1949 1950//1950 1947//1947 1946//1946
f 830//830 829//829 1947//1947 1950//1950
f 1884//1884 1883//1883 1886//1886 1887//1887
f 758//758 759//759 2010//2010 2013//2013
f 849//849 848//848 1916//1916 1915//1915
f 112//112 811//811 1920//1920 819//819
f 847//847 1879//1879 751//751 121//121
f 1853//1853 1852//1852 813//813 812//812
f 1854//1854 1853//1853 812//812 811//811
f 1856//1856 1855//1855 1858//1858 1859//1859
f 852//852 851//851 1925//1925 1924//1924
f 499//499 1447//1447 480//480 60//60
f 117//117 768//768 1890//1890 808//808
f 725//725 724//724 1848//1848 1851//1851
f 1991//1991 1990//1990 1993//1993 1994//1994
f 726//726 725//725 1851//1851 1854//1854
f 112//112 726//726 1854//1854 811//811
f 1801//1801 1802//1802 785//785 784//784
f 811//811 812//812 1919//1919 1920//1920
f 869//869 870//870 2023//2023 2020//2020
f 1859//1859 1860//1860 1857//1857 1856//1856
f 1860//1860 1859//1859 1862//1862 1863//1863
f 1858//1858 1855//1855 738//738 737//737
f 1863//1863 1862//1862 851//851 852//852
f 1861//1861 1858//1858 737//737 736//736
f 1969//1969 747//747 114//114 804//804
f 1878//1878 1877//1877 1880//1880 1881//1881
f 1862//1862 1861//1861 850//850 851//851
f 1964//1964 1963//1963 1966//1966 1967//1967
f 1933//1933 1934//1934 1931//1931 1930//1930
f 850//850 1861//1861 736//736 119//119
f 104//104 738//738 1855//1855 778//778
f 753//753 109//109 780//780 1857//1857
f 1875//1875 1878//1878 755//755 754//754
f 752//752 753//753 1857//1857 1860//1860
f 751//751 752//752 1860//1860 1863//1863
f 121//121 751//751 1863//1863 852//852
f 1947//1947 829//829 113//113 796//796
f 1869//1869 1868//1868 1871//1871 1872//1872
f 745//745 746//746 1966//1966 1963//1963
f 1867//1867 1864//1864 741//741 740//740
f 800//800 801//801 1936//1936 1937//1937
f 848//848 847//847 1917//1917 1916//1916
f 739//739 740//740 2031//2031 2034//2034
f 829//829 1936//1936 801//801 113//113
f 114//114 799//799 1938//1938 832//832
f 1872//1872 1871//1871 800//800 799//799
f 1870//1870 1867//1867 740//740 739//739
f 832//832 1908//1908 804//804 114//114
f 1871//1871 1870//1870 801//801 800//800
f 801//801 1870//1870 739//739 113//113
f 746//746 745//745 1866//1866 1869//1869
f 1968//1968 1967//1967 1970//1970 1971//1971
f 747//747 746//746 1869//1869 1872//1872
f 114//114 747//747 1872//1872 799//799
f 1939//1939 1940//1940 1937//1937 1936//1936
f 2032//2032 2033//2033 2030//2030 2029//2029
f 1880//1880 1879//1879 847//847 848//848
f 1881//1881 1880//1880 848//848 849//849
f 757//757 758//758 2013//2013 2016//2016
f 1934//1934 1935//1935 1932//1932 1931//1931
f 1856//1856 1857//1857 780//780 779//779
f 116//116 757//757 2016//2016 805//805
f 1886//1886 1885//1885 1888//1888 1889//1889
f 1830//1830 1829//1829 1832//1832 1833//1833
f 808//808 809//809 1928//1928 1929//1929
f 1890//1890 1889//1889 809//809 808//808
f 1891//1891 1892//1892 845//845 844//844
f 1889//1889 1888//1888 810//810 809//809
f 1924//1924 1925//1925 1922//1922 1921//1921
f 736//736 737//737 1995//1995 1998//1998
f 2025//2025 2024//2024 845//845 846//846
f 806//806 805//805 2016//2016 2015//2015
f 809//809 810//810 1927//1927 1928//1928
f 1888//1888 757//757 116//116 810//810
f 758//758 757//757 1888//1888 1885//1885
f 759//759 758//758 1885//1885 1882//1882
f 2019//2019 2018//2018 2021//2021 2022//2022
f 2014//2014 2015//2015 2012//2012 2011//2011
f 110//110 774//774 2019//2019 888//888
f 886//886 2025//2025 846//846 126//126
f 1892//1892 1893//1893 846//846 845//845
f 807//807 806//806 2015//2015 2014//2014
f 115//115 807//807 2014//2014 879//879
f 874//874 2007//2007 843//843 124//124
f 120//120 820//820 1891//1891 844//844
f 1895//1895 1896//1896 1893//1893 1892//1892
f 126//126 841//841 2005//2005 886//886
f 1896//1896 1895//1895 1898//1898 1899//1899
f 1894//1894 1891//1891 820//820 821//821
f 803//803 802//802 1971//1971 1970//1970
f 1899//1899 1898//1898 806//806 807//807
f 822//822 821//821 1930//1930 1927//1927
f 1897//1897 1894//1894 821//821 822//822
f 1897//1897 805//805 806//806 1898//1898
f 838//838 1899//1899 807//807 115//115
f 1904//1904 1905//1905 1902//1902 1901//1901
f 1900//1900 1901//1901 842//842 841//841
f 846//846 1893//1893 840//840 126//126
f 839//839 840//840 1893//1893 1896//1896
f 804//804 803//803 1970//1970 1969//1969
f 838//838 839//839 1896//1896 1899//1899
f 2007//2007 2006//2006 842//842 843//843
f 2005//2005 841//841 842//842 2006//2006
f 840//840 839//839 1903//1903 1900//1900
f 1903//1903 1904//1904 1901//1901 1900//1900
f 1905//1905 1904//1904 1907//1907 1908//1908
f 1897//1897 822//822 116//116 805//805
f 1901//1901 1902//1902 843//843 842//842
f 1906//1906 1907//1907 1904//1904 1903//1903
f 825//825 824//824 1921//1921 1918//1918
f 1942//1942 1943//1943 1940//1940 1939//1939
f 879//879 1971//1971 802//802 115//115
f 1907//1907 1906//1906 802//802 803//803
f 1908//1908 1907//1907 803//803 804//804
f 1924//1924 823//823 121//121 852//852
f 843//843 1902//1902 834//834 124//124
f 833//833 834//834 1902//1902 1905//1905
f 832//832 833//833 1905//1905 1908//1908
f 1919//1919 1918//1918 1921//1921 1922//1922
f 2022//2022 2021//2021 2024//2024 2025//2025
f 1906//1906 838//838 115//115 802//802
f 1974//1974 1973//1973 1976//1976 1977//1977
f 1914//1914 1913//1913 1916//1916 1917//1917
f 1913//1913 1912//1912 1915//1915 1916//1916
f 1912//1912 1909//1909 835//835 836//836
f 1922//1922 1923//1923 1920//1920 1919//1919
f 837//837 836//836 1932//1932 1935//1935
f 1915//1915 1912//1912 836//836 837//837
f 1960//1960 817//817 119//119 864//864
f 849//849 1915//1915 837//837 125//125
f 824//824 825//825 1911//1911 1914//1914
f 823//823 824//824 1914//1914 1917//1917
f 121//121 823//823 1917//1917 847//847
f 1923//1923 1922//1922 1925//1925 1926//1926
f 1944//1944 856//856 124//124 834//834
f 1938//1938 1937//1937 1940//1940 1941//1941
f 1959//1959 1958//1958 1961//1961 1962//1962
f 125//125 837//837 1935//1935 853//853
f 821//821 820//820 1933//1933 1930//1930
f 818//818 819//819 1920//1920 1923//1923
f 817//817 818//818 1923//1923 1926//1926
f 119//119 817//817 1926//1926 850//850
f 831//831 830//830 1950//1950 1953//1953
f 827//827 826//826 1956//1956 1959//1959
f 1953//1953 859//859 123//123 831//831
f 2033//2033 2032//2032 798//798 797//797
f 1945//1945 1946//1946 797//797 798//798
f 882//882 1980//1980 861//861 122//122
f 826//826 1945//1945 798//798 111//111
f 858//858 1942//1942 831//831 123//123
f 1911//1911 1910//1910 1913//1913 1914//1914
f 830//830 831//831 1942//1942 1939//1939
f 829//829 830//830 1939//1939 1936//1936
f 1988//1988 1987//1987 795//795 794//794
f 1941//1941 1940//1940 1943//1943 1944//1944
f 1949//1949 1948//1948 1951//1951 1952//1952
f 1946//1946 1947//1947 796//796 797//797
f 828//828 827//827 1959//1959 1962//1962
f 122//122 828//828 1962//1962 862//862
f 859//859 860//860 1979//1979 1978//1978
f 1953//1953 1952//1952 860//860 859//859
f 1951//1951 861//861 860//860 1952//1952
f 877//877 878//878 2011//2011 2008//2008
f 1958//1958 1959//1959 1956//1956 1955//1955
f 2032//2032 885//885 111//111 798//798
f 1954//1954 1955//1955 794//794 795//795
f 1989//1989 1988//1988 794//794 793//793
f 885//885 1989//1989 793//793 111//111
f 860//860 861//861 1980//1980 1979//1979
f 828//828 122//122 861//861 1951//1951
f 862//862 863//863 1997//1997 1996//1996
f 827//827 828//828 1951//1951 1948//1948
f 826//826 827//827 1948//1948 1945//1945
f 2011//2011 2012//2012 2009//2009 2008//2008
f 1948//1948 1949//1949 1946//1946 1945//1945
f 1960//1960 1961//1961 1958//1958 1957//1957
f 1955//1955 1956//1956 793//793 794//794
f 1956//1956 826//826 111//111 793//793
f 122//122 862//862 1996//1996 882//882
f 1961//1961 1960//1960 864//864 863//863
f 1962//1962 1961//1961 863//863 862//862
f 887//887 888//888 2019//2019 2022//2022
f 1954//1954 795//795 112//112 819//819
f 624//624 916//916 201//201 84//84
f 738//738 104//104 792//792 1992//1992
f 1994//1994 1995//1995 1992//1992 1991//1991
f 1983//1983 1982//1982 1985//1985 1986//1986
f 881//881 882//882 1996//1996 1993//1993
f 878//878 877//877 1965//1965 1968//1968
f 879//879 878//878 1968//1968 1971//1971
f 884//884 885//885 2032//2032 2029//2029
f 881//881 880//880 1974//1974 1977//1977
f 882//882 881//881 1977//1977 1980//1980
f 883//883 884//884 2029//2029 2026//2026
f 884//884 883//883 1983//1983 1986//1986
f 885//885 884//884 1986//1986 1989//1989
f 291//291 31//31 294//294 1049//1049
f 2002//2002 2003//2003 2000//2000 1999//1999
f 2010//2010 2009//2009 2012//2012 2013//2013
f 1220//1220 1221//1221 368//368 369//369
f 887//887 886//886 2005//2005 2002//2002
f 888//888 887//887 2002//2002 1999//1999
f 2023//2023 2024//2024 2021//2021 2020//2020
f 2028//2028 2027//2027 2030//2030 2031//2031
f 891//891 890//890 895//895 889//889
f 13//13 163//163 1591//1591 217//217
f 11//11 169//169 1600//1600 229//229
f 5//5 178//178 1619//1619 597//597
f 302//302 303//303 1315//1315 1316//1316
f 1165//1165 1168//1168 154//154 155//155
f 141//141 10//10 406//406 1287//1287
f 1195//1195 1194//1194 353//353 354//354
f 1230//1230 1229//1229 1232//1232 1233//1233
f 343//343 344//344 1231//1231 1234//1234
f 1532//1532 1533//1533 1530//1530 1529//1529
f 548//548 547//547 1534//1534 1531//1531
f 552//552 551//551 1549//1549 1546//1546
f 1541//1541 1540//1540 1543//1543 1544//1544
f 551//551 550//550 1552//1552 1549//1549
f 554//554 553//553 1561//1561 1558//1558
f 560//560 559//559 1570//1570 1567//1567
f 87//87 570//570 1581//1581 655//655
f 1550//1550 1551//1551 1548//1548 1547//1547
f 566//566 565//565 1579//1579 1576//1576
f 555//555 554//554 1558//1558 1555//1555
f 340//340 1178//1178 315//315 32//32
f 1868//1868 1867//1867 1870//1870 1871//1871
f 1866//1866 1865//1865 1868//1868 1869//1869
f 752//752 751//751 1879//1879 1876//1876
f 113//113 739//739 2034//2034 796//796
f 855//855 854//854 1934//1934 1933//1933
f 818//818 817//817 1960//1960 1957//1957
f 824//824 823//823 1924//1924 1921//1921
f 819//819 818//818 1957//1957 1954//1954
f 833//833 832//832 1938//1938 1941//1941
f 839//839 838//838 1906//1906 1903//1903
f 834//834 833//833 1941//1941 1944//1944
f 866//866 865//865 1852//1852 1849//1849
f 742//742 743//743 1833//1833 1836//1836
f 945//945 944//944 947//947 948//948
f 415//415 416//416 1299//1299 1296//1296
f 166//166 167//167 942//942 943//943
f 164//164 165//165 1589//1589 1590//1590
f 981//981 980//980 983//983 984//984
f 175//175 176//176 978//978 979//979
f 173//173 174//174 1607//1607 1608//1608
f 360//360 1171//1171 330//330 37//37
f 184//184 185//185 1152//1152 1153//1153
f 1119//1119 1120//1120 182//182 183//183
f 1284//1284 1285//1285 1282//1282 1281//1281
f 1266//1266 1267//1267 1264//1264 1263//1263
f 388//388 389//389 1310//1310 1313//1313
f 195//195 12//12 361//361 1224//1224
f 1587//1587 1588//1588 584//584 585//585
f 961//961 603//603 81//81 615//615
f 1610//1610 1611//1611 1608//1608 1607//1607
f 1125//1125 1126//1126 1123//1123 1122//1122
f 1208//1208 1209//1209 320//320 321//321
f 1152//1152 1151//1151 1154//1154 1155//1155
f 331//331 1196//1196 295//295 7//7
f 1672//1672 1671//1671 1674//1674 1675//1675
f 1073//1073 1068//1068 196//196 197//197
f 1673//1673 1672//1672 1675//1675 1676//1676
f 1662//1662 1663//1663 1660//1660 1659//1659
f 955//955 954//954 957//957 958//958
f 1654//1654 1655//1655 1652//1652 1651//1651
f 1644//1644 1645//1645 1642//1642 1641//1641
f 1646//1646 1645//1645 1648//1648 1649//1649
f 1629//1629 259//259 260//260 1630//1630
f 628//628 1682//1682 270//270 27//27
f 574//574 575//575 1095//1095 1092//1092
f 190//190 191//191 1669//1669 1670//1670
f 1040//1040 1041//1041 281//281 282//282
f 286//286 287//287 1059//1059 1060//1060
f 1035//1035 1036//1036 1033//1033 1032//1032
f 252//252 26//26 598//598 1638//1638
f 327//327 1021//1021 300//300 33//33
f 7//7 190//190 1670//1670 627//627
f 26//26 262//262 1623//1623 598//598
f 909//909 908//908 911//911 912//912
f 1193//1193 1194//1194 1191//1191 1190//1190
f 1210//1210 1211//1211 296//296 297//297
f 420//420 50//50 448//448 1357//1357
f 1174//1174 1173//1173 1176//1176 1177//1177
f 344//344 345//345 1228//1228 1231//1231
f 1218//1218 1212//1212 1214//1214 1213//1213
f 382//382 383//383 1385//1385 1386//1386
f 1230//1230 1231//1231 1228//1228 1227//1227
f 44//44 382//382 1386//1386 468//468
f 1318//1318 1317//1317 1316//1316 1314//1314
f 425//425 426//426 1375//1375 1376//1376
f 1322//1322 1321//1321 1324//1324 1325//1325
f 1336//1336 1337//1337 1334//1334 1333//1333
f 439//439 440//440 2027//2027 2028//2028
f 1345//1345 1346//1346 1343//1343 1342//1342
f 1344//1344 1343//1343 1346//1346 1347//1347
f 1354//1354 1355//1355 1352//1352 1351//1351
f 1353//1353 1352//1352 1355//1355 1356//1356
f 1363//1363 1364//1364 1361//1361 1360//1360
f 1362//1362 1361//1361 1364//1364 1365//1365
f 1371//1371 1370//1370 1373//1373 1374//1374
f 1376//1376 1375//1375 1378//1378 1379//1379
f 53//53 469//469 1848//1848 724//724
f 1982//1982 1981//1981 1984//1984 1985//1985
f 740//740 741//741 2028//2028 2031//2031
f 1969//1969 1970//1970 1967//1967 1966//1966
f 1973//1973 1972//1972 1975//1975 1976//1976
f 1394//1394 1393//1393 1396//1396 1397//1397
f 1847//1847 1846//1846 1849//1849 1850//1850
f 767//767 766//766 1884//1884 1887//1887
f 1813//1813 1814//1814 1811//1811 1810//1810
f 505//505 506//506 1520//1520 1521//1521
f 503//503 504//504 1494//1494 1497//1497
f 1453//1453 1454//1454 1451//1451 1450//1450
f 511//511 512//512 1529//1529 1530//1530
f 1448//1448 1447//1447 1450//1450 1451//1451
f 1462//1462 1463//1463 1460//1460 1459//1459
f 514//514 515//515 1468//1468 1465//1465
f 1461//1461 1460//1460 1463//1463 1464//1464
f 773//773 772//772 2017//2017 2018//2018
f 1489//1489 1490//1490 1487//1487 1486//1486
f 526//526 527//527 1504//1504 1501//1501
f 1488//1488 1487//1487 1490//1490 1491//1491
f 872//872 873//873 1978//1978 1975//1975
f 1505//1505 1506//1506 1503//1503 1502//1502
f 69//69 541//541 1575//1575 568//568
f 1520//1520 1519//1519 1522//1522 1523//1523
f 1534//1534 1535//1535 1532//1532 1531//1531
f 640//640 641//641 1730//1730 1731//1731
f 1552//1552 1553//1553 1550//1550 1549//1549
f 643//643 644//644 1739//1739 1740//1740
f 1561//1561 1562//1562 1559//1559 1558//1558
f 1557//1557 1560//1560 557//557 556//556
f 654//654 1570//1570 559//559 91//91
f 1574//1574 1573//1573 1576//1576 1577//1577
f 1566//1566 1569//1569 563//563 562//562
f 1538//1538 1537//1537 1540//1540 1541//1541
f 1541//1541 1542//1542 1539//1539 1538//1538
f 1622//1622 1616//1616 1618//1618 1617//1617
f 1663//1663 1664//1664 1661//1661 1660//1660
f 24//24 235//235 1647//1647 240//240
f 1723//1723 1724//1724 1721//1721 1720//1720
f 1734//1734 1733//1733 1736//1736 1737//1737
f 1743//1743 1742//1742 1745//1745 1746//1746
f 1752//1752 1751//1751 1754//1754 1755//1755
f 1748//1748 1747//1747 1750//1750 1751//1751
f 1761//1761 1760//1760 1763//1763 1764//1764
f 1757//1757 1756//1756 1759//1759 1760//1760
f 1770//1770 1769//1769 1772//1772 1773//1773
f 1766//1766 1765//1765 1768//1768 1769//1769
f 1777//1777 1778//1778 1775//1775 1774//1774
f 1786//1786 1787//1787 1784//1784 1783//1783
f 1779//1779 1778//1778 1781//1781 1782//1782
f 1694//1694 1693//1693 1696//1696 1697//1697
f 1716//1716 1715//1715 1718//1718 1719//1719
f 1758//1758 1757//1757 1760//1760 1761//1761
f 1735//1735 663//663 94//94 673//673
f 95//95 664//664 1782//1782 717//717
f 1827//1827 771//771 106//106 730//730
f 1803//1803 871//871 105//105 786//786
f 772//772 1834//1834 762//762 108//108
f 306//306 34//34 381//381 1242//1242
f 868//868 869//869 2020//2020 2017//2017
f 1877//1877 1878//1878 1875//1875 1874//1874
f 117//117 808//808 1929//1929 835//835
f 1879//1879 1880//1880 1877//1877 1876//1876
f 1995//1995 1994//1994 1997//1997 1998//1998
f 727//727 728//728 1414//1414 1411//1411
f 2034//2034 2033//2033 797//797 796//796
f 1928//1928 1927//1927 1930//1930 1931//1931
f 836//836 835//835 1929//1929 1932//1932
f 1912//1912 1913//1913 1910//1910 1909//1909
f 1929//1929 1928//1928 1931//1931 1932//1932
f 1957//1957 1958//1958 1955//1955 1954//1954
f 1950//1950 1949//1949 1952//1952 1953//1953
f 2013//2013 2012//2012 2015//2015 2016//2016
f 2031//2031 2030//2030 2033//2033 2034//2034
f 886//886 887//887 2022//2022 2025//2025
#2032 polygons

